display_id,geometry_cluster,source_col__geometry_cluster,metal_cluster,source_col__metal_cluster,functional_cluster,source_col__functional_cluster,ligand_cluster,source_col__ligand_cluster
DB1-Zn2O8-AZO_A-irmof8_A_No357,DB1-Zn2O8-AZO_A-irmof8_A_No357.cif,flig_clusters__filename,DB1-Zn2O8-AZO_A-irmof8_A_No357.cif,mc_clusters__filename,DB1-Zn2O8-AZO_A-irmof8_A_No357.cif,func_clusters__filename,DB1-Zn2O8-AZO_A-irmof8_A_No357.cif,flig_clusters__filename
DB1-Cu2O8-AZO_A-irmof8_A_No499,DB1-Cu2O8-AZO_A-irmof8_A_No499.cif,flig_clusters__filename,DB1-Cu2O8-AZO_A-irmof8_A_No499.cif,mc_clusters__filename,DB1-Cu2O8-AZO_A-irmof8_A_No499.cif,func_clusters__filename,DB1-Cu2O8-AZO_A-irmof8_A_No499.cif,flig_clusters__filename
DB1-Cu2O8-ADC_A-irmof8_A_No805,DB1-Cu2O8-ADC_A-irmof8_A_No805.cif,flig_clusters__filename,DB1-Cu2O8-ADC_A-irmof8_A_No805.cif,mc_clusters__filename,DB1-Cu2O8-ADC_A-irmof8_A_No805.cif,func_clusters__filename,DB1-Cu2O8-ADC_A-irmof8_A_No805.cif,flig_clusters__filename
DB12-TIXVON_clean,DB12-TIXVON_clean.cif,flig_clusters__filename,DB12-TIXVON_clean.cif,mc_clusters__filename,DB12-TIXVON_clean.cif,func_clusters__filename,DB12-TIXVON_clean.cif,flig_clusters__filename
DB12-OSAVUA_clean,DB12-OSAVUA_clean.cif,flig_clusters__filename,DB12-OSAVUA_clean.cif,mc_clusters__filename,DB12-OSAVUA_clean.cif,func_clusters__filename,DB12-OSAVUA_clean.cif,flig_clusters__filename
DB1-Zn2O8-BTC_A-irmof8_A_No11,DB1-Zn2O8-BTC_A-irmof8_A_No11.cif,flig_clusters__filename,DB1-Zn2O8-BTC_A-irmof8_A_No11.cif,mc_clusters__filename,,func_clusters__filename,DB1-Zn2O8-BTC_A-irmof8_A_No11.cif,flig_clusters__filename
DB12-VAGTAA_clean,DB12-VAGTAA_clean.cif,flig_clusters__filename,DB12-VAGTAA_clean.cif,mc_clusters__filename,DB12-VAGTAA_clean.cif,func_clusters__filename,DB12-VAGTAA_clean.cif,flig_clusters__filename
DB12-VAGTAA01_clean,DB12-VAGTAA01_clean.cif,flig_clusters__filename,DB12-VAGTAA01_clean.cif,mc_clusters__filename,DB12-VAGTAA01_clean.cif,func_clusters__filename,DB12-VAGTAA01_clean.cif,flig_clusters__filename
DB15-cds_N29_E173_opt,DB15-cds_N29_E173_opt.cif,flig_clusters__filename,DB15-cds_N29_E173_opt.cif,mc_clusters__filename,,func_clusters__filename,DB15-cds_N29_E173_opt.cif,flig_clusters__filename
DB15-cds_N87_E131_opt,DB15-cds_N87_E131_opt.cif,flig_clusters__filename,DB15-cds_N87_E131_opt.cif,mc_clusters__filename,DB15-cds_N87_E131_opt.cif,func_clusters__filename,DB15-cds_N87_E131_opt.cif,flig_clusters__filename
DB5-hypotheticalMOF_7000881_0_0_4_20_9_4,DB5-hypotheticalMOF_7000881_0_0_4_20_9_4.cif,flig_clusters__filename,DB5-hypotheticalMOF_7000881_0_0_4_20_9_4.cif,mc_clusters__filename,DB5-hypotheticalMOF_7000881_0_0_4_20_9_4.cif,func_clusters__filename,DB5-hypotheticalMOF_7000881_0_0_4_20_9_4.cif,flig_clusters__filename
DB5-hypotheticalMOF_1003193_0_0_4_17_9_1,,flig_clusters__filename,,mc_clusters__filename,,func_clusters__filename,,flig_clusters__filename
DB13-cds-Syn022177,DB13-cds-Syn022177.cif,flig_clusters__filename,DB13-cds-Syn022177.cif,mc_clusters__filename,DB13-cds-Syn022177.cif,func_clusters__filename,DB13-cds-Syn022177.cif,flig_clusters__filename
DB0-m5_o1_o11_f0_bcu.sym.34,DB0-m5_o1_o11_f0_bcu.sym.34.cif,flig_clusters__filename,DB0-m5_o1_o11_f0_bcu.sym.34.cif,mc_clusters__filename,DB0-m5_o1_o11_f0_bcu.sym.34.cif,func_clusters__filename,DB0-m5_o1_o11_f0_bcu.sym.34.cif,flig_clusters__filename
