display_id,mosaec_match_key_used,external_match_confidence,mosaec_metadata_summary,audit_status
DB1-Zn2O8-AZO_A-irmof8_A_No357,0.32756; false; true,exact_id_match,refcode=IHEYOM/CAKXOD/ROGSUC; composition=Cu4H64C60S8I4/Gd4C28O24H8N8/Na4H28O20C12S4; metal_id=Cu/Gd/Na; open_metal_site=False/True; open_metal_id=Gd/Co/La; framework_dimensionality=1D/3D/2D; void_fraction_H2=0.0/0.18974/0.16068; void_fraction_probe-occupiable_H2=0.0/0.50002/0.5041 | refcode=IHEYOM/CAKXOD/ROGSUC; composition=Cu4H64C60S8I4/Gd4C28O24H8N8/Na4H28O20C12S4; metal_id=Cu/Gd/Na; open_metal_site=False/True; open_metal_id=Gd/Co/La; framework_dimensionality=1D/3D/2D; void_fraction_H2=0.0/0.18974/0.16068; void_fraction_probe-occupiable_H2=0.0/0.50002/0.5041,NOT_VERIFIED: match keys include booleans/numeric values; unrelated refcodes in metadata
DB1-Cu2O8-AZO_A-irmof8_A_No499,false; true,exact_id_match,refcode=IHEYOM/CAKXOD/ROGSUC; composition=Cu4H64C60S8I4/Gd4C28O24H8N8/Na4H28O20C12S4; metal_id=Cu/Gd/Na; open_metal_site=False/True; open_metal_id=Gd/Co/La; framework_dimensionality=1D/3D/2D; void_fraction_H2=0.0/0.18974/0.16068; void_fraction_probe-occupiable_H2=0.0/0.50002/0.5041 | refcode=IHEYOM/CAKXOD/ROGSUC; composition=Cu4H64C60S8I4/Gd4C28O24H8N8/Na4H28O20C12S4; metal_id=Cu/Gd/Na; open_metal_site=False/True; open_metal_id=Gd/Co/La; framework_dimensionality=1D/3D/2D; void_fraction_H2=0.0/0.18974/0.16068; void_fraction_probe-occupiable_H2=0.0/0.50002/0.5041,NOT_VERIFIED: match keys include booleans/numeric values; unrelated refcodes in metadata
DB1-Cu2O8-ADC_A-irmof8_A_No805,0.3221; false; true,exact_id_match,refcode=MOMBEY14/NUNNES/FIDLUC; composition=Cu18C72O54/Zn8C136H120O44N16/Co8C124H76O36N8; metal_id=Cu/Zn/Co; open_metal_site=True/False; open_metal_id=Cu/Zn/Gd; framework_dimensionality=3D/1D/2D; void_fraction_H2=0.3221/0.0592799999999999/0.0991799999999999; void_fraction_probe-occupiable_H2=0.58438/0.3221/0.0 | refcode=MOMBEY14/IHEYOM/CAKXOD; composition=Cu18C72O54/Cu4H64C60S8I4/Gd4C28O24H8N8; metal_id=Cu/Gd/Na; open_metal_site=True/False; open_metal_id=Cu/Gd/Co; framework_dimensionality=3D/1D/2D; void_fraction_H2=0.3221/0.0/0.18974; void_fraction_probe-occupiable_H2=0.58438/0.0/0.50002,NOT_VERIFIED: match keys include booleans/numeric values; unrelated refcodes in metadata
DB12-TIXVON_clean,0.01976; false; true,exact_id_match,refcode=IHEYOM/CAKXOD/ROGSUC; composition=Cu4H64C60S8I4/Gd4C28O24H8N8/Na4H28O20C12S4; metal_id=Cu/Gd/Na; open_metal_site=False/True; open_metal_id=Gd/Co/La; framework_dimensionality=1D/3D/2D; void_fraction_H2=0.0/0.18974/0.16068; void_fraction_probe-occupiable_H2=0.0/0.50002/0.5041 | refcode=IHEYOM/CAKXOD/ROGSUC; composition=Cu4H64C60S8I4/Gd4C28O24H8N8/Na4H28O20C12S4; metal_id=Cu/Gd/Na; open_metal_site=False/True; open_metal_id=Gd/Co/La; framework_dimensionality=1D/3D/2D; void_fraction_H2=0.0/0.18974/0.16068; void_fraction_probe-occupiable_H2=0.0/0.50002/0.5041,NOT_VERIFIED: match keys include booleans/numeric values; unrelated refcodes in metadata
DB12-OSAVUA_clean,0.0794; false; true,exact_id_match,refcode=IHEYOM/CAKXOD/ROGSUC; composition=Cu4H64C60S8I4/Gd4C28O24H8N8/Na4H28O20C12S4; metal_id=Cu/Gd/Na; open_metal_site=False/True; open_metal_id=Gd/Co/La; framework_dimensionality=1D/3D/2D; void_fraction_H2=0.0/0.18974/0.16068; void_fraction_probe-occupiable_H2=0.0/0.50002/0.5041 | refcode=IHEYOM/CAKXOD/ROGSUC; composition=Cu4H64C60S8I4/Gd4C28O24H8N8/Na4H28O20C12S4; metal_id=Cu/Gd/Na; open_metal_site=False/True; open_metal_id=Gd/Co/La; framework_dimensionality=1D/3D/2D; void_fraction_H2=0.0/0.18974/0.16068; void_fraction_probe-occupiable_H2=0.0/0.50002/0.5041,NOT_VERIFIED: match keys include booleans/numeric values; unrelated refcodes in metadata
DB1-Zn2O8-BTC_A-irmof8_A_No11,0.2408; false; true,exact_id_match,refcode=IHEYOM/CAKXOD/ROGSUC; composition=Cu4H64C60S8I4/Gd4C28O24H8N8/Na4H28O20C12S4; metal_id=Cu/Gd/Na; open_metal_site=False/True; open_metal_id=Gd/Co/La; framework_dimensionality=1D/3D/2D; void_fraction_H2=0.0/0.18974/0.16068; void_fraction_probe-occupiable_H2=0.0/0.50002/0.5041 | refcode=IHEYOM/CAKXOD/ROGSUC; composition=Cu4H64C60S8I4/Gd4C28O24H8N8/Na4H28O20C12S4; metal_id=Cu/Gd/Na; open_metal_site=False/True; open_metal_id=Gd/Co/La; framework_dimensionality=1D/3D/2D; void_fraction_H2=0.0/0.18974/0.16068; void_fraction_probe-occupiable_H2=0.0/0.50002/0.5041,NOT_VERIFIED: match keys include booleans/numeric values; unrelated refcodes in metadata
DB12-VAGTAA_clean,false; true,exact_id_match,refcode=IHEYOM/CAKXOD/ROGSUC; composition=Cu4H64C60S8I4/Gd4C28O24H8N8/Na4H28O20C12S4; metal_id=Cu/Gd/Na; open_metal_site=False/True; open_metal_id=Gd/Co/La; framework_dimensionality=1D/3D/2D; void_fraction_H2=0.0/0.18974/0.16068; void_fraction_probe-occupiable_H2=0.0/0.50002/0.5041 | refcode=IHEYOM/CAKXOD/ROGSUC; composition=Cu4H64C60S8I4/Gd4C28O24H8N8/Na4H28O20C12S4; metal_id=Cu/Gd/Na; open_metal_site=False/True; open_metal_id=Gd/Co/La; framework_dimensionality=1D/3D/2D; void_fraction_H2=0.0/0.18974/0.16068; void_fraction_probe-occupiable_H2=0.0/0.50002/0.5041,NOT_VERIFIED: match keys include booleans/numeric values; unrelated refcodes in metadata
DB12-VAGTAA01_clean,0.04992; false; true,exact_id_match,refcode=IHEYOM/CAKXOD/ROGSUC; composition=Cu4H64C60S8I4/Gd4C28O24H8N8/Na4H28O20C12S4; metal_id=Cu/Gd/Na; open_metal_site=False/True; open_metal_id=Gd/Co/La; framework_dimensionality=1D/3D/2D; void_fraction_H2=0.0/0.18974/0.16068; void_fraction_probe-occupiable_H2=0.0/0.50002/0.5041 | refcode=IHEYOM/CAKXOD/ROGSUC; composition=Cu4H64C60S8I4/Gd4C28O24H8N8/Na4H28O20C12S4; metal_id=Cu/Gd/Na; open_metal_site=False/True; open_metal_id=Gd/Co/La; framework_dimensionality=1D/3D/2D; void_fraction_H2=0.0/0.18974/0.16068; void_fraction_probe-occupiable_H2=0.0/0.50002/0.5041,NOT_VERIFIED: match keys include booleans/numeric values; unrelated refcodes in metadata
DB15-cds_N29_E173_opt,0.0; false; true,exact_id_match,refcode=IHEYOM/CAKXOD/ROGSUC; composition=Cu4H64C60S8I4/Gd4C28O24H8N8/Na4H28O20C12S4; metal_id=Cu/Gd/Na; open_metal_site=False/True; open_metal_id=Gd/Co/La; framework_dimensionality=1D/3D/2D; void_fraction_H2=0.0/0.18974/0.16068; void_fraction_probe-occupiable_H2=0.0/0.50002/0.5041 | refcode=IHEYOM/CAKXOD/ROGSUC; composition=Cu4H64C60S8I4/Gd4C28O24H8N8/Na4H28O20C12S4; metal_id=Cu/Gd/Na; open_metal_site=False/True; open_metal_id=Gd/Co/La; framework_dimensionality=1D/3D/2D; void_fraction_H2=0.0/0.18974/0.16068; void_fraction_probe-occupiable_H2=0.0/0.50002/0.5041,NOT_VERIFIED: match keys include booleans/numeric values; unrelated refcodes in metadata
DB15-cds_N87_E131_opt,false; true,exact_id_match,refcode=IHEYOM/CAKXOD/ROGSUC; composition=Cu4H64C60S8I4/Gd4C28O24H8N8/Na4H28O20C12S4; metal_id=Cu/Gd/Na; open_metal_site=False/True; open_metal_id=Gd/Co/La; framework_dimensionality=1D/3D/2D; void_fraction_H2=0.0/0.18974/0.16068; void_fraction_probe-occupiable_H2=0.0/0.50002/0.5041 | refcode=IHEYOM/CAKXOD/ROGSUC; composition=Cu4H64C60S8I4/Gd4C28O24H8N8/Na4H28O20C12S4; metal_id=Cu/Gd/Na; open_metal_site=False/True; open_metal_id=Gd/Co/La; framework_dimensionality=1D/3D/2D; void_fraction_H2=0.0/0.18974/0.16068; void_fraction_probe-occupiable_H2=0.0/0.50002/0.5041,NOT_VERIFIED: match keys include booleans/numeric values; unrelated refcodes in metadata
DB5-hypotheticalMOF_7000881_0_0_4_20_9_4,0.0; false; true,exact_id_match,refcode=IHEYOM/CAKXOD/ROGSUC; composition=Cu4H64C60S8I4/Gd4C28O24H8N8/Na4H28O20C12S4; metal_id=Cu/Gd/Na; open_metal_site=False/True; open_metal_id=Gd/Co/La; framework_dimensionality=1D/3D/2D; void_fraction_H2=0.0/0.18974/0.16068; void_fraction_probe-occupiable_H2=0.0/0.50002/0.5041 | refcode=IHEYOM/CAKXOD/ROGSUC; composition=Cu4H64C60S8I4/Gd4C28O24H8N8/Na4H28O20C12S4; metal_id=Cu/Gd/Na; open_metal_site=False/True; open_metal_id=Gd/Co/La; framework_dimensionality=1D/3D/2D; void_fraction_H2=0.0/0.18974/0.16068; void_fraction_probe-occupiable_H2=0.0/0.50002/0.5041,NOT_VERIFIED: match keys include booleans/numeric values; unrelated refcodes in metadata
DB5-hypotheticalMOF_1003193_0_0_4_17_9_1,0.0; false; true,exact_id_match,refcode=IHEYOM/CAKXOD/ROGSUC; composition=Cu4H64C60S8I4/Gd4C28O24H8N8/Na4H28O20C12S4; metal_id=Cu/Gd/Na; open_metal_site=False/True; open_metal_id=Gd/Co/La; framework_dimensionality=1D/3D/2D; void_fraction_H2=0.0/0.18974/0.16068; void_fraction_probe-occupiable_H2=0.0/0.50002/0.5041 | refcode=IHEYOM/CAKXOD/ROGSUC; composition=Cu4H64C60S8I4/Gd4C28O24H8N8/Na4H28O20C12S4; metal_id=Cu/Gd/Na; open_metal_site=False/True; open_metal_id=Gd/Co/La; framework_dimensionality=1D/3D/2D; void_fraction_H2=0.0/0.18974/0.16068; void_fraction_probe-occupiable_H2=0.0/0.50002/0.5041,NOT_VERIFIED: match keys include booleans/numeric values; unrelated refcodes in metadata
DB13-cds-Syn022177,0.04334; false; true,exact_id_match,refcode=IHEYOM/CAKXOD/ROGSUC; composition=Cu4H64C60S8I4/Gd4C28O24H8N8/Na4H28O20C12S4; metal_id=Cu/Gd/Na; open_metal_site=False/True; open_metal_id=Gd/Co/La; framework_dimensionality=1D/3D/2D; void_fraction_H2=0.0/0.18974/0.16068; void_fraction_probe-occupiable_H2=0.0/0.50002/0.5041 | refcode=IHEYOM/CAKXOD/ROGSUC; composition=Cu4H64C60S8I4/Gd4C28O24H8N8/Na4H28O20C12S4; metal_id=Cu/Gd/Na; open_metal_site=False/True; open_metal_id=Gd/Co/La; framework_dimensionality=1D/3D/2D; void_fraction_H2=0.0/0.18974/0.16068; void_fraction_probe-occupiable_H2=0.0/0.50002/0.5041,NOT_VERIFIED: match keys include booleans/numeric values; unrelated refcodes in metadata
DB0-m5_o1_o11_f0_bcu.sym.34,0.0; false; true,exact_id_match,refcode=IHEYOM/CAKXOD/ROGSUC; composition=Cu4H64C60S8I4/Gd4C28O24H8N8/Na4H28O20C12S4; metal_id=Cu/Gd/Na; open_metal_site=False/True; open_metal_id=Gd/Co/La; framework_dimensionality=1D/3D/2D; void_fraction_H2=0.0/0.18974/0.16068; void_fraction_probe-occupiable_H2=0.0/0.50002/0.5041 | refcode=IHEYOM/CAKXOD/ROGSUC; composition=Cu4H64C60S8I4/Gd4C28O24H8N8/Na4H28O20C12S4; metal_id=Cu/Gd/Na; open_metal_site=False/True; open_metal_id=Gd/Co/La; framework_dimensionality=1D/3D/2D; void_fraction_H2=0.0/0.18974/0.16068; void_fraction_probe-occupiable_H2=0.0/0.50002/0.5041,NOT_VERIFIED: match keys include booleans/numeric values; unrelated refcodes in metadata
