feature_family,column,dtype,n_non_missing,missing_fraction,n_unique
geometry_only,UC_volume,float64,263735,3.4123999029361805e-05,181313
geometry_only,Density,float64,263735,3.4123999029361805e-05,215821
geometry_only,ASA,float64,263735,3.4123999029361805e-05,228822
geometry_only,vASA,float64,263735,3.4123999029361805e-05,117392
geometry_only,gASA,float64,263735,3.4123999029361805e-05,203706
geometry_only,NASA,float64,263735,3.4123999029361805e-05,10713
geometry_only,gNASA,float64,263735,3.4123999029361805e-05,15751
geometry_only,vNASA,float64,263735,3.4123999029361805e-05,15882
geometry_only,AVA,float64,263735,3.4123999029361805e-05,233301
geometry_only,AVAf,float64,263735,3.4123999029361805e-05,38078
geometry_only,AVAg,float64,263735,3.4123999029361805e-05,228970
geometry_only,NAVA,float64,263735,3.4123999029361805e-05,10024
geometry_only,NAVAf,float64,263735,3.4123999029361805e-05,1672
geometry_only,NAVAg,float64,263735,3.4123999029361805e-05,8490
geometry_only,POAVA,float64,263735,3.4123999029361805e-05,218268
geometry_only,POAVAf,float64,263735,3.4123999029361805e-05,1840
geometry_only,POAVAg,float64,263735,3.4123999029361805e-05,211677
geometry_only,NPOAVA,float64,263735,3.4123999029361805e-05,6345
geometry_only,NPOAVAf,float64,263735,3.4123999029361805e-05,704
geometry_only,NPOAVAg,float64,263735,3.4123999029361805e-05,6539
geometry_only,Di,float64,263744,0.0,228364
geometry_only,Df,float64,263744,0.0,216678
geometry_only,Dif,float64,263744,0.0,229765
geometry_only,arc_mof_dim__Unnamed: 0,float64,191608,0.27350764377578257,191608
geometry_only,arc_mof_dim__Dimensionality,str,191608,0.27350764377578257,3
geometry_only,geometric_properties__UC_volume,float64,263735,3.4123999029361805e-05,181313
geometry_only,geometric_properties__Density,float64,263735,3.4123999029361805e-05,215821
geometry_only,geometric_properties__ASA,float64,263735,3.4123999029361805e-05,228822
geometry_only,geometric_properties__vASA,float64,263735,3.4123999029361805e-05,117392
geometry_only,geometric_properties__gASA,float64,263735,3.4123999029361805e-05,203706
geometry_only,geometric_properties__NASA,float64,263735,3.4123999029361805e-05,10713
geometry_only,geometric_properties__gNASA,float64,263735,3.4123999029361805e-05,15751
geometry_only,geometric_properties__vNASA,float64,263735,3.4123999029361805e-05,15882
geometry_only,geometric_properties__AVA,float64,263735,3.4123999029361805e-05,233301
geometry_only,geometric_properties__AVAf,float64,263735,3.4123999029361805e-05,38078
geometry_only,geometric_properties__AVAg,float64,263735,3.4123999029361805e-05,228970
geometry_only,geometric_properties__NAVA,float64,263735,3.4123999029361805e-05,10024
geometry_only,geometric_properties__NAVAf,float64,263735,3.4123999029361805e-05,1672
geometry_only,geometric_properties__NAVAg,float64,263735,3.4123999029361805e-05,10317
geometry_only,geometric_properties__POAVA,float64,263735,3.4123999029361805e-05,218268
geometry_only,geometric_properties__POAVAf,float64,263735,3.4123999029361805e-05,1840
geometry_only,geometric_properties__POAVAg,float64,263735,3.4123999029361805e-05,211677
geometry_only,geometric_properties__NPOAVA,float64,263735,3.4123999029361805e-05,6345
geometry_only,geometric_properties__NPOAVAf,float64,263735,3.4123999029361805e-05,704
geometry_only,geometric_properties__NPOAVAg,float64,263735,3.4123999029361805e-05,6539
geometry_only,geometric_properties__Di,float64,263744,0.0,228364
geometry_only,geometric_properties__Df,float64,263744,0.0,216678
geometry_only,geometric_properties__Dif,float64,263744,0.0,229765
enriched_geometry,UC_volume,float64,263735,3.4123999029361805e-05,181313
enriched_geometry,Density,float64,263735,3.4123999029361805e-05,215821
enriched_geometry,ASA,float64,263735,3.4123999029361805e-05,228822
enriched_geometry,vASA,float64,263735,3.4123999029361805e-05,117392
enriched_geometry,gASA,float64,263735,3.4123999029361805e-05,203706
enriched_geometry,NASA,float64,263735,3.4123999029361805e-05,10713
enriched_geometry,gNASA,float64,263735,3.4123999029361805e-05,15751
enriched_geometry,vNASA,float64,263735,3.4123999029361805e-05,15882
enriched_geometry,AVA,float64,263735,3.4123999029361805e-05,233301
enriched_geometry,AVAf,float64,263735,3.4123999029361805e-05,38078
enriched_geometry,AVAg,float64,263735,3.4123999029361805e-05,228970
enriched_geometry,NAVA,float64,263735,3.4123999029361805e-05,10024
enriched_geometry,NAVAf,float64,263735,3.4123999029361805e-05,1672
enriched_geometry,NAVAg,float64,263735,3.4123999029361805e-05,8490
enriched_geometry,POAVA,float64,263735,3.4123999029361805e-05,218268
enriched_geometry,POAVAf,float64,263735,3.4123999029361805e-05,1840
enriched_geometry,POAVAg,float64,263735,3.4123999029361805e-05,211677
enriched_geometry,NPOAVA,float64,263735,3.4123999029361805e-05,6345
enriched_geometry,NPOAVAf,float64,263735,3.4123999029361805e-05,704
enriched_geometry,NPOAVAg,float64,263735,3.4123999029361805e-05,6539
enriched_geometry,Di,float64,263744,0.0,228364
enriched_geometry,Df,float64,263744,0.0,216678
enriched_geometry,Dif,float64,263744,0.0,229765
enriched_geometry,arc_mof_dim__Unnamed: 0,float64,191608,0.27350764377578257,191608
enriched_geometry,arc_mof_dim__Dimensionality,str,191608,0.27350764377578257,3
enriched_geometry,geometric_properties__UC_volume,float64,263735,3.4123999029361805e-05,181313
enriched_geometry,geometric_properties__Density,float64,263735,3.4123999029361805e-05,215821
enriched_geometry,geometric_properties__ASA,float64,263735,3.4123999029361805e-05,228822
enriched_geometry,geometric_properties__vASA,float64,263735,3.4123999029361805e-05,117392
enriched_geometry,geometric_properties__gASA,float64,263735,3.4123999029361805e-05,203706
enriched_geometry,geometric_properties__NASA,float64,263735,3.4123999029361805e-05,10713
enriched_geometry,geometric_properties__gNASA,float64,263735,3.4123999029361805e-05,15751
enriched_geometry,geometric_properties__vNASA,float64,263735,3.4123999029361805e-05,15882
enriched_geometry,geometric_properties__AVA,float64,263735,3.4123999029361805e-05,233301
enriched_geometry,geometric_properties__AVAf,float64,263735,3.4123999029361805e-05,38078
enriched_geometry,geometric_properties__AVAg,float64,263735,3.4123999029361805e-05,228970
enriched_geometry,geometric_properties__NAVA,float64,263735,3.4123999029361805e-05,10024
enriched_geometry,geometric_properties__NAVAf,float64,263735,3.4123999029361805e-05,1672
enriched_geometry,geometric_properties__NAVAg,float64,263735,3.4123999029361805e-05,10317
enriched_geometry,geometric_properties__POAVA,float64,263735,3.4123999029361805e-05,218268
enriched_geometry,geometric_properties__POAVAf,float64,263735,3.4123999029361805e-05,1840
enriched_geometry,geometric_properties__POAVAg,float64,263735,3.4123999029361805e-05,211677
enriched_geometry,geometric_properties__NPOAVA,float64,263735,3.4123999029361805e-05,6345
enriched_geometry,geometric_properties__NPOAVAf,float64,263735,3.4123999029361805e-05,704
enriched_geometry,geometric_properties__NPOAVAg,float64,263735,3.4123999029361805e-05,6539
enriched_geometry,geometric_properties__Di,float64,263744,0.0,228364
enriched_geometry,geometric_properties__Df,float64,263744,0.0,216678
enriched_geometry,geometric_properties__Dif,float64,263744,0.0,229765
enriched_geometry,eng__lcd_pld_ratio,float64,263744,0.0,253138
enriched_geometry,eng__sa_pv_ratio,float64,263735,3.4123999029361805e-05,254341
enriched_geometry,eng__vf_density_ratio,float64,263735,3.4123999029361805e-05,254313
enriched_geometry,eng__log_pld_plus1,float64,263744,0.0,216678
enriched_geometry,eng__log_lcd_plus1,float64,263744,0.0,228364
enriched_geometry,eng__porosity_window_product,float64,263735,3.4123999029361805e-05,254237
enriched_geometry,eng__density_pld_interaction,float64,263735,3.4123999029361805e-05,258924
geometry_topology_clusters,UC_volume,float64,263735,3.4123999029361805e-05,181313
geometry_topology_clusters,Density,float64,263735,3.4123999029361805e-05,215821
geometry_topology_clusters,ASA,float64,263735,3.4123999029361805e-05,228822
geometry_topology_clusters,vASA,float64,263735,3.4123999029361805e-05,117392
geometry_topology_clusters,gASA,float64,263735,3.4123999029361805e-05,203706
geometry_topology_clusters,NASA,float64,263735,3.4123999029361805e-05,10713
geometry_topology_clusters,gNASA,float64,263735,3.4123999029361805e-05,15751
geometry_topology_clusters,vNASA,float64,263735,3.4123999029361805e-05,15882
geometry_topology_clusters,AVA,float64,263735,3.4123999029361805e-05,233301
geometry_topology_clusters,AVAf,float64,263735,3.4123999029361805e-05,38078
geometry_topology_clusters,AVAg,float64,263735,3.4123999029361805e-05,228970
geometry_topology_clusters,NAVA,float64,263735,3.4123999029361805e-05,10024
geometry_topology_clusters,NAVAf,float64,263735,3.4123999029361805e-05,1672
geometry_topology_clusters,NAVAg,float64,263735,3.4123999029361805e-05,8490
geometry_topology_clusters,POAVA,float64,263735,3.4123999029361805e-05,218268
geometry_topology_clusters,POAVAf,float64,263735,3.4123999029361805e-05,1840
geometry_topology_clusters,POAVAg,float64,263735,3.4123999029361805e-05,211677
geometry_topology_clusters,NPOAVA,float64,263735,3.4123999029361805e-05,6345
geometry_topology_clusters,NPOAVAf,float64,263735,3.4123999029361805e-05,704
geometry_topology_clusters,NPOAVAg,float64,263735,3.4123999029361805e-05,6539
geometry_topology_clusters,Di,float64,263744,0.0,228364
geometry_topology_clusters,Df,float64,263744,0.0,216678
geometry_topology_clusters,Dif,float64,263744,0.0,229765
geometry_topology_clusters,arc_mof_dim__Unnamed: 0,float64,191608,0.27350764377578257,191608
geometry_topology_clusters,arc_mof_dim__Dimensionality,str,191608,0.27350764377578257,3
geometry_topology_clusters,geometric_properties__UC_volume,float64,263735,3.4123999029361805e-05,181313
geometry_topology_clusters,geometric_properties__Density,float64,263735,3.4123999029361805e-05,215821
geometry_topology_clusters,geometric_properties__ASA,float64,263735,3.4123999029361805e-05,228822
geometry_topology_clusters,geometric_properties__vASA,float64,263735,3.4123999029361805e-05,117392
geometry_topology_clusters,geometric_properties__gASA,float64,263735,3.4123999029361805e-05,203706
geometry_topology_clusters,geometric_properties__NASA,float64,263735,3.4123999029361805e-05,10713
geometry_topology_clusters,geometric_properties__gNASA,float64,263735,3.4123999029361805e-05,15751
geometry_topology_clusters,geometric_properties__vNASA,float64,263735,3.4123999029361805e-05,15882
geometry_topology_clusters,geometric_properties__AVA,float64,263735,3.4123999029361805e-05,233301
geometry_topology_clusters,geometric_properties__AVAf,float64,263735,3.4123999029361805e-05,38078
geometry_topology_clusters,geometric_properties__AVAg,float64,263735,3.4123999029361805e-05,228970
geometry_topology_clusters,geometric_properties__NAVA,float64,263735,3.4123999029361805e-05,10024
geometry_topology_clusters,geometric_properties__NAVAf,float64,263735,3.4123999029361805e-05,1672
geometry_topology_clusters,geometric_properties__NAVAg,float64,263735,3.4123999029361805e-05,10317
geometry_topology_clusters,geometric_properties__POAVA,float64,263735,3.4123999029361805e-05,218268
geometry_topology_clusters,geometric_properties__POAVAf,float64,263735,3.4123999029361805e-05,1840
geometry_topology_clusters,geometric_properties__POAVAg,float64,263735,3.4123999029361805e-05,211677
geometry_topology_clusters,geometric_properties__NPOAVA,float64,263735,3.4123999029361805e-05,6345
geometry_topology_clusters,geometric_properties__NPOAVAf,float64,263735,3.4123999029361805e-05,704
geometry_topology_clusters,geometric_properties__NPOAVAg,float64,263735,3.4123999029361805e-05,6539
geometry_topology_clusters,geometric_properties__Di,float64,263744,0.0,228364
geometry_topology_clusters,geometric_properties__Df,float64,263744,0.0,216678
geometry_topology_clusters,geometric_properties__Dif,float64,263744,0.0,229765
geometry_topology_clusters,eng__lcd_pld_ratio,float64,263744,0.0,253138
geometry_topology_clusters,eng__sa_pv_ratio,float64,263735,3.4123999029361805e-05,254341
geometry_topology_clusters,eng__vf_density_ratio,float64,263735,3.4123999029361805e-05,254313
geometry_topology_clusters,eng__log_pld_plus1,float64,263744,0.0,216678
geometry_topology_clusters,eng__log_lcd_plus1,float64,263744,0.0,228364
geometry_topology_clusters,eng__porosity_window_product,float64,263735,3.4123999029361805e-05,254237
geometry_topology_clusters,eng__density_pld_interaction,float64,263735,3.4123999029361805e-05,258924
geometry_topology_clusters,flig_clusters__cluster_id,float64,256328,0.028118175200194127,125220
geometry_topology_clusters,func_clusters__cluster_id,float64,214531,0.18659381824799806,43744
geometry_topology_clusters,geo_clusters__cluster_id,int64,263744,0.0,146411
geometry_topology_clusters,mc_clusters__cluster_id,float64,256328,0.028118175200194127,2447
