paper_b_case_class,display_id,external_match_confidence,external_match_sources,exact_id_match_any,fuzzy_match_any,core_mof_2024_match,core_mof_2024_exact_id_match,core_mof_2025_match,core_mof_2025_exact_id_match,mosaec_match,mosaec_exact_id_match,mofchecker_match,mofchecker_exact_id_match,recommended_claim_strength
possible but not confident elite,DB1-Zn2O8-AZO_A-irmof8_A_No357,exact_id_match,mosaec,True,False,False,False,False,False,True,True,False,False,direct external identifier match; can be described as external-match support after manual ID check
possible but not confident elite,DB1-Cu2O8-AZO_A-irmof8_A_No499,exact_id_match,mosaec,True,False,False,False,False,False,True,True,False,False,direct external identifier match; can be described as external-match support after manual ID check
possible but not confident elite,DB1-Cu2O8-ADC_A-irmof8_A_No805,exact_id_match,mosaec,True,False,False,False,False,False,True,True,False,False,direct external identifier match; can be described as external-match support after manual ID check
possible but not confident elite,DB12-TIXVON_clean,exact_id_match,mosaec,True,False,False,False,False,False,True,True,False,False,direct external identifier match; can be described as external-match support after manual ID check
positive surprise,DB12-OSAVUA_clean,exact_id_match,mosaec,True,False,False,False,False,False,True,True,False,False,direct external identifier match; can be described as external-match support after manual ID check
positive surprise,DB1-Zn2O8-BTC_A-irmof8_A_No11,exact_id_match,mosaec,True,False,False,False,False,False,True,True,False,False,direct external identifier match; can be described as external-match support after manual ID check
positive surprise,DB12-VAGTAA_clean,exact_id_match,mosaec,True,False,False,False,False,False,True,True,False,False,direct external identifier match; can be described as external-match support after manual ID check
positive surprise,DB12-VAGTAA01_clean,exact_id_match,mosaec,True,False,False,False,False,False,True,True,False,False,direct external identifier match; can be described as external-match support after manual ID check
negative surprise,DB15-cds_N29_E173_opt,exact_id_match,mosaec,True,False,False,False,False,False,True,True,False,False,direct external identifier match; can be described as external-match support after manual ID check
negative surprise,DB15-cds_N87_E131_opt,exact_id_match,mosaec,True,False,False,False,False,False,True,True,False,False,direct external identifier match; can be described as external-match support after manual ID check
negative surprise,DB5-hypotheticalMOF_7000881_0_0_4_20_9_4,exact_id_match,mosaec,True,False,False,False,False,False,True,True,False,False,direct external identifier match; can be described as external-match support after manual ID check
negative surprise,DB5-hypotheticalMOF_1003193_0_0_4_17_9_1,exact_id_match,mosaec,True,False,False,False,False,False,True,True,False,False,direct external identifier match; can be described as external-match support after manual ID check
ordinary high-rank contrast,DB13-cds-Syn022177,exact_id_match,mosaec,True,False,False,False,False,False,True,True,False,False,direct external identifier match; can be described as external-match support after manual ID check
ordinary high-rank contrast,DB0-m5_o1_o11_f0_bcu.sym.34,exact_id_match,mosaec,True,False,False,False,False,False,True,True,False,False,direct external identifier match; can be described as external-match support after manual ID check
