paper_b_case_class,display_id,process_proxy_status,process_proxy_reason,stability_proxy_status,cross_target_sanity,provenance_plausibility_status,external_match_confidence,recommended_claim_strength
possible but not confident elite,DB1-Zn2O8-AZO_A-irmof8_A_No357,no obvious process-proxy red flag,density window=pass; void-fraction window=pass; PLD window=pass,external stability/provenance metadata available,CO2-consistent high-quantile candidate,external exact-ID support,exact_id_match,direct external identifier match; can be described as external-match support after manual ID check
possible but not confident elite,DB1-Cu2O8-AZO_A-irmof8_A_No499,no obvious process-proxy red flag,density window=pass; void-fraction window=pass; PLD window=pass,external stability/provenance metadata available,CO2-consistent high-quantile candidate,external exact-ID support,exact_id_match,direct external identifier match; can be described as external-match support after manual ID check
possible but not confident elite,DB1-Cu2O8-ADC_A-irmof8_A_No805,no obvious process-proxy red flag,density window=pass; void-fraction window=pass; PLD window=pass,external stability/provenance metadata available,CO2-consistent high-quantile candidate,external exact-ID support,exact_id_match,direct external identifier match; can be described as external-match support after manual ID check
possible but not confident elite,DB12-TIXVON_clean,process-proxy warning,density window=pass; void-fraction window=warn; PLD window=pass,external stability/provenance metadata available,CO2-consistent high-quantile candidate,external exact-ID support,exact_id_match,direct external identifier match; can be described as external-match support after manual ID check
positive surprise,DB12-OSAVUA_clean,no obvious process-proxy red flag,density window=pass; void-fraction window=pass; PLD window=pass,external stability/provenance metadata available,CO2-consistent high-quantile candidate,external exact-ID support,exact_id_match,direct external identifier match; can be described as external-match support after manual ID check
positive surprise,DB1-Zn2O8-BTC_A-irmof8_A_No11,no obvious process-proxy red flag,density window=pass; void-fraction window=pass; PLD window=pass,external stability/provenance metadata available,CO2-consistent high-quantile candidate,external exact-ID support,exact_id_match,direct external identifier match; can be described as external-match support after manual ID check
positive surprise,DB12-VAGTAA_clean,no obvious process-proxy red flag,density window=pass; void-fraction window=pass; PLD window=pass,external stability/provenance metadata available,CO2-consistent high-quantile candidate,external exact-ID support,exact_id_match,direct external identifier match; can be described as external-match support after manual ID check
positive surprise,DB12-VAGTAA01_clean,process-proxy warning,density window=pass; void-fraction window=warn; PLD window=pass,external stability/provenance metadata available,CO2-consistent high-quantile candidate,external exact-ID support,exact_id_match,direct external identifier match; can be described as external-match support after manual ID check
negative surprise,DB15-cds_N29_E173_opt,process-proxy warning,density window=pass; void-fraction window=warn; PLD window=pass,external stability/provenance metadata available,cross-target evidence limited or ordinary,external exact-ID support,exact_id_match,direct external identifier match; can be described as external-match support after manual ID check
negative surprise,DB15-cds_N87_E131_opt,process-proxy warning,density window=pass; void-fraction window=warn; PLD window=pass,external stability/provenance metadata available,cross-target evidence limited or ordinary,external exact-ID support,exact_id_match,direct external identifier match; can be described as external-match support after manual ID check
negative surprise,DB5-hypotheticalMOF_7000881_0_0_4_20_9_4,process-proxy warning,density window=pass; void-fraction window=warn; PLD window=pass,external stability/provenance metadata available,cross-target evidence limited or ordinary,external exact-ID support,exact_id_match,direct external identifier match; can be described as external-match support after manual ID check
negative surprise,DB5-hypotheticalMOF_1003193_0_0_4_17_9_1,process-proxy warning,density window=pass; void-fraction window=warn; PLD window=pass,external stability/provenance metadata available,cross-target evidence limited or ordinary,external exact-ID support,exact_id_match,direct external identifier match; can be described as external-match support after manual ID check
ordinary high-rank contrast,DB13-cds-Syn022177,process-proxy warning,density window=pass; void-fraction window=warn; PLD window=pass,external stability/provenance metadata available,CO2-consistent high-quantile candidate,external exact-ID support,exact_id_match,direct external identifier match; can be described as external-match support after manual ID check
ordinary high-rank contrast,DB0-m5_o1_o11_f0_bcu.sym.34,process-proxy warning,density window=pass; void-fraction window=warn; PLD window=pass,external stability/provenance metadata available,CO2-consistent high-quantile candidate,external exact-ID support,exact_id_match,direct external identifier match; can be described as external-match support after manual ID check
