job_id,target_key,target_col,feature_family,model_name,split_type,seed,display_id,row_index,y_true,y_pred,residual,q_abs_80,q_pos_80,q_neg_80,L_80,U_80,positive_anomaly_80,negative_anomaly_80,two_sided_anomaly_80,q_abs_adaptive_80,L_adaptive_80,U_adaptive_80,q_abs_90,q_pos_90,q_neg_90,L_90,U_90,positive_anomaly_90,negative_anomaly_90,two_sided_anomaly_90,q_abs_adaptive_90,L_adaptive_90,U_adaptive_90,q_abs_95,q_pos_95,q_neg_95,L_95,U_95,positive_anomaly_95,negative_anomaly_95,two_sided_anomaly_95,q_abs_adaptive_95,L_adaptive_95,U_adaptive_95,p_positive_surprise,p_negative_surprise,p_two_sided_surprise,true_elite_q90,predicted_elite_q90,confident_elite_q90,possible_elite_q90,confident_elite_adaptive_q90,possible_elite_adaptive_q90,true_elite_q95,predicted_elite_q95,confident_elite_q95,possible_elite_q95,confident_elite_adaptive_q95,possible_elite_adaptive_q95,true_elite_q99,predicted_elite_q99,confident_elite_q99,possible_elite_q99,confident_elite_adaptive_q99,possible_elite_adaptive_q99,decision_class_main,Density,ASA,vASA,gASA,NASA,gNASA,vNASA,AVA,AVAf,AVAg,NAVA,NAVAf,NAVAg,POAVA,paper_b_case_class,representative_prediction_file,retrospective_false_elite_flag,density,source_col__density,pld_or_limiting_diameter,source_col__pld_or_limiting_diameter,lcd_or_largest_cavity,source_col__lcd_or_largest_cavity,accessible_surface_area,source_col__accessible_surface_area,accessible_volume_or_pore_volume,source_col__accessible_volume_or_pore_volume,void_fraction,source_col__void_fraction,topology_label,source_col__topology_label,geometry_cluster,source_col__geometry_cluster,metal_cluster,source_col__metal_cluster,functional_cluster,source_col__functional_cluster,ligand_cluster,source_col__ligand_cluster,target_value__co2_0p015,target_quantile__co2_0p015,target_value__co2_0p15,target_quantile__co2_0p15,target_value__ch4_5p8,target_quantile__ch4_5p8,target_value__ch4_65,target_quantile__ch4_65,core_mof_2024_match,core_mof_2024_exact_id_match,core_mof_2024_fuzzy_match,core_mof_2024_matched_tables,core_mof_2024_metadata_summary,core_mof_2024_match_key_used,core_mof_2025_match,core_mof_2025_exact_id_match,core_mof_2025_fuzzy_match,core_mof_2025_matched_tables,core_mof_2025_metadata_summary,core_mof_2025_match_key_used,mosaec_match,mosaec_exact_id_match,mosaec_fuzzy_match,mosaec_matched_tables,mosaec_metadata_summary,mosaec_match_key_used,mofchecker_match,mofchecker_exact_id_match,mofchecker_fuzzy_match,mofchecker_matched_tables,mofchecker_metadata_summary,mofchecker_match_key_used,external_match_confidence,external_match_sources,exact_id_match_any,fuzzy_match_any,external_plausibility_tier,recommended_claim_strength,provenance_plausibility_status,process_proxy_status,process_proxy_reason,stability_proxy_status,cross_target_sanity,positive_surprise_mechanistic_family,case_interpretation_short,structure_rendering_priority_score,recommended_rendering_priority
co2_0p15_uptake_mmol_g_co2_at_0_15_bar_geometry_topology_clusters_rf_topology_grouped_seed43,co2_0p15,uptake(mmol/g) CO2 at 0.15 bar,geometry_topology_clusters,rf,topology_grouped,43,DB1-Zn2O8-AZO_A-irmof8_A_No357,62660,6.807007,3.702325123571408,3.104681876428592,0.2742238895107621,0.0151536378088004,0.2219683703115172,3.428101234060646,3.97654901308217,True,False,True,1.0634713014768291,2.6388538220945787,4.7657964250482365,0.4442551601608553,0.1118579875539521,0.3528654909559177,3.2580699634105525,4.146580283732264,True,False,True,1.4712426756235455,2.231082447947862,5.173567799194954,0.6630873638541426,0.2767716389989465,0.5218985995872178,3.039237759717265,4.365412487425551,True,False,True,1.9300773277570191,1.7722477958143887,5.632402451328427,0.0010127962916074,0.9990066805601544,0.0010127962916074,True,True,True,True,False,True,True,True,True,True,False,True,True,False,False,False,False,True,positive_conformal_anomaly,0.505678,958.268,2081.7,4116.66,0.0,0.0,0.0,1507.85,0.32756,0.647764,0.0,0.0,0.0,3056.58,possible but not confident elite,predictions__co2_0p15_uptake_mmol_g_co2_at_0_15_bar_geometry_topology_clusters_rf_topology_grouped_seed43.csv.gz,False,0.505678,Density,10.17535,Df,11.87822,Di,958.268,ASA,1507.85,AVA,0.32756,AVAf,cds,Crystalnet,DB1-Zn2O8-AZO_A-irmof8_A_No357.cif,flig_clusters__filename,DB1-Zn2O8-AZO_A-irmof8_A_No357.cif,mc_clusters__filename,DB1-Zn2O8-AZO_A-irmof8_A_No357.cif,func_clusters__filename,DB1-Zn2O8-AZO_A-irmof8_A_No357.cif,flig_clusters__filename,2.361151,0.9981952196068915,6.807007,0.9993478524629944,3.394647,0.3234803445765591,19.353549,0.7244866233923805,False,False,False,,,,False,False,False,,,,True,True,False,mosaec:database\mosaec_db.csv; mosaec:database\mosaec_db.xlsx,refcode=IHEYOM/CAKXOD/ROGSUC; composition=Cu4H64C60S8I4/Gd4C28O24H8N8/Na4H28O20C12S4; metal_id=Cu/Gd/Na; open_metal_site=False/True; open_metal_id=Gd/Co/La; framework_dimensionality=1D/3D/2D; void_fraction_H2=0.0/0.18974/0.16068; void_fraction_probe-occupiable_H2=0.0/0.50002/0.5041 | refcode=IHEYOM/CAKXOD/ROGSUC; composition=Cu4H64C60S8I4/Gd4C28O24H8N8/Na4H28O20C12S4; metal_id=Cu/Gd/Na; open_metal_site=False/True; open_metal_id=Gd/Co/La; framework_dimensionality=1D/3D/2D; void_fraction_H2=0.0/0.18974/0.16068; void_fraction_probe-occupiable_H2=0.0/0.50002/0.5041,0.32756; false; true,False,False,False,,,,exact_id_match,mosaec,True,False,Tier 1: exact external ID support,direct external identifier match; can be described as external-match support after manual ID check,external exact-ID support,no obvious process-proxy red flag,density window=pass; void-fraction window=pass; PLD window=pass,external stability/provenance metadata available,CO2-consistent high-quantile candidate,metal-node / chemistry surprise,Metal-cluster chemistry may encode local adsorption interactions not fully captured by the model features.,114.09915977350954,main-text priority
co2_0p15_uptake_mmol_g_co2_at_0_15_bar_geometry_topology_clusters_rf_topology_grouped_seed43,co2_0p15,uptake(mmol/g) CO2 at 0.15 bar,geometry_topology_clusters,rf,topology_grouped,43,DB1-Cu2O8-AZO_A-irmof8_A_No499,176549,3.471605,4.029849151298143,-0.5582441512981426,0.2742238895107621,0.0151536378088004,0.2219683703115172,3.755625261787381,4.3040730408089045,False,True,True,1.0634713014768291,2.9663778498213134,5.093320452774972,0.4442551601608553,0.1118579875539521,0.3528654909559177,3.585593991137287,4.474104311458998,False,True,True,1.4712426756235455,2.5586064756745968,5.501091826921688,0.6630873638541426,0.2767716389989465,0.5218985995872178,3.366761787444,4.692936515152285,False,True,False,1.9300773277570191,2.099771823541124,5.959926479055161,0.9574430789007264,0.0425763979510352,0.0686948561634497,True,True,True,True,True,True,True,True,True,True,False,True,False,False,False,False,False,True,negative_conformal_anomaly,0.550897,893.64,1994.15,3619.83,0.0,0.0,0.0,1432.31,0.31962,0.580181,0.0,0.0,0.0,2975.58,possible but not confident elite,predictions__co2_0p15_uptake_mmol_g_co2_at_0_15_bar_geometry_topology_clusters_rf_topology_grouped_seed43.csv.gz,False,0.550897,Density,9.97147,Df,11.58651,Di,893.64,ASA,1432.31,AVA,0.31962,AVAf,cds,Crystalnet,DB1-Cu2O8-AZO_A-irmof8_A_No499.cif,flig_clusters__filename,DB1-Cu2O8-AZO_A-irmof8_A_No499.cif,mc_clusters__filename,DB1-Cu2O8-AZO_A-irmof8_A_No499.cif,func_clusters__filename,DB1-Cu2O8-AZO_A-irmof8_A_No499.cif,flig_clusters__filename,0.711473,0.9690305751031303,3.471605,0.9612161793254065,3.203471,0.2707018927444795,17.592297,0.6365111623392381,False,False,False,,,,False,False,False,,,,True,True,False,mosaec:database\mosaec_db.csv; mosaec:database\mosaec_db.xlsx,refcode=IHEYOM/CAKXOD/ROGSUC; composition=Cu4H64C60S8I4/Gd4C28O24H8N8/Na4H28O20C12S4; metal_id=Cu/Gd/Na; open_metal_site=False/True; open_metal_id=Gd/Co/La; framework_dimensionality=1D/3D/2D; void_fraction_H2=0.0/0.18974/0.16068; void_fraction_probe-occupiable_H2=0.0/0.50002/0.5041 | refcode=IHEYOM/CAKXOD/ROGSUC; composition=Cu4H64C60S8I4/Gd4C28O24H8N8/Na4H28O20C12S4; metal_id=Cu/Gd/Na; open_metal_site=False/True; open_metal_id=Gd/Co/La; framework_dimensionality=1D/3D/2D; void_fraction_H2=0.0/0.18974/0.16068; void_fraction_probe-occupiable_H2=0.0/0.50002/0.5041,false; true,False,False,False,,,,exact_id_match,mosaec,True,False,Tier 1: exact external ID support,direct external identifier match; can be described as external-match support after manual ID check,external exact-ID support,no obvious process-proxy red flag,density window=pass; void-fraction window=pass; PLD window=pass,external stability/provenance metadata available,CO2-consistent high-quantile candidate,certified high-uptake elite,Lower confidence bound remains above the elite threshold; promote only after plausibility/stability checks.,108.5771311871992,main-text priority
co2_0p15_uptake_mmol_g_co2_at_0_15_bar_geometry_topology_clusters_rf_topology_grouped_seed43,co2_0p15,uptake(mmol/g) CO2 at 0.15 bar,geometry_topology_clusters,rf,topology_grouped,43,DB1-Cu2O8-ADC_A-irmof8_A_No805,29234,3.428134,3.98201247652136,-0.5538784765213594,0.2742238895107621,0.0151536378088004,0.2219683703115172,3.707788587010597,4.256236366032121,False,True,True,1.0634713014768291,2.9185411750445303,5.0454837779981885,0.4442551601608553,0.1118579875539521,0.3528654909559177,3.537757316360504,4.426267636682215,False,True,True,1.4712426756235455,2.5107698008978137,5.453255152144905,0.6630873638541426,0.2767716389989465,0.5218985995872178,3.318925112667217,4.645099840375502,False,True,False,1.9300773277570191,2.05193514876434,5.912089804278379,0.9567029585337826,0.043316518317979,0.0696102681962487,True,True,True,True,True,True,True,True,True,True,False,True,False,False,False,False,False,True,negative_conformal_anomaly,0.541602,904.271,1989.12,3672.65,0.0,0.0,0.0,1464.3,0.3221,0.594717,0.0,0.0,0.0,3041.34,possible but not confident elite,predictions__co2_0p15_uptake_mmol_g_co2_at_0_15_bar_geometry_topology_clusters_rf_topology_grouped_seed43.csv.gz,False,0.541602,Density,9.69757,Df,11.72144,Di,904.271,ASA,1464.3,AVA,0.3221,AVAf,cds,Crystalnet,DB1-Cu2O8-ADC_A-irmof8_A_No805.cif,flig_clusters__filename,DB1-Cu2O8-ADC_A-irmof8_A_No805.cif,mc_clusters__filename,DB1-Cu2O8-ADC_A-irmof8_A_No805.cif,func_clusters__filename,DB1-Cu2O8-ADC_A-irmof8_A_No805.cif,flig_clusters__filename,1.268022,0.9903580744964814,3.428134,0.9594341482649842,3.308879,0.30032152390196554,18.340882,0.6770542647415676,False,False,False,,,,False,False,False,,,,True,True,False,mosaec:database\mosaec_db.csv; mosaec:database\mosaec_db.xlsx,refcode=MOMBEY14/NUNNES/FIDLUC; composition=Cu18C72O54/Zn8C136H120O44N16/Co8C124H76O36N8; metal_id=Cu/Zn/Co; open_metal_site=True/False; open_metal_id=Cu/Zn/Gd; framework_dimensionality=3D/1D/2D; void_fraction_H2=0.3221/0.0592799999999999/0.0991799999999999; void_fraction_probe-occupiable_H2=0.58438/0.3221/0.0 | refcode=MOMBEY14/IHEYOM/CAKXOD; composition=Cu18C72O54/Cu4H64C60S8I4/Gd4C28O24H8N8; metal_id=Cu/Gd/Na; open_metal_site=True/False; open_metal_id=Cu/Gd/Co; framework_dimensionality=3D/1D/2D; void_fraction_H2=0.3221/0.0/0.18974; void_fraction_probe-occupiable_H2=0.58438/0.0/0.50002,0.3221; false; true,False,False,False,,,,exact_id_match,mosaec,True,False,Tier 1: exact external ID support,direct external identifier match; can be described as external-match support after manual ID check,external exact-ID support,no obvious process-proxy red flag,density window=pass; void-fraction window=pass; PLD window=pass,external stability/provenance metadata available,CO2-consistent high-quantile candidate,certified high-uptake elite,Lower confidence bound remains above the elite threshold; promote only after plausibility/stability checks.,108.57310135953236,main-text priority
co2_0p15_uptake_mmol_g_co2_at_0_15_bar_geometry_topology_clusters_rf_topology_grouped_seed43,co2_0p15,uptake(mmol/g) CO2 at 0.15 bar,geometry_topology_clusters,rf,topology_grouped,43,DB12-TIXVON_clean,10548,6.898012,3.7917921137063386,3.106219886293661,0.2742238895107621,0.0151536378088004,0.2219683703115172,3.517568224195577,4.066016003217101,True,False,True,1.0634713014768291,2.728320812229509,4.855263415183168,0.4442551601608553,0.1118579875539521,0.3528654909559177,3.3475369535454838,4.236047273867194,True,False,True,1.4712426756235455,2.320549438082793,5.263034789329884,0.6630873638541426,0.2767716389989465,0.5218985995872178,3.1287047498521963,4.454879477560481,True,False,True,1.9300773277570191,1.8617147859493195,5.721869441463358,0.0010127962916074,0.9990066805601544,0.0010127962916074,True,True,True,True,False,True,True,True,True,True,False,True,True,False,False,False,False,True,positive_conformal_anomaly,0.938456,574.307,964.2,1027.43,0.0,0.0,0.0,117.697,0.01976,0.0210559,0.0,0.0,0.0,1060.22,possible but not confident elite,predictions__co2_0p15_uptake_mmol_g_co2_at_0_15_bar_geometry_topology_clusters_rf_topology_grouped_seed43.csv.gz,False,0.938456,Density,3.91911,Df,5.07339,Di,574.307,ASA,117.697,AVA,0.01976,AVAf,rob,Crystalnet,DB12-TIXVON_clean.cif,flig_clusters__filename,DB12-TIXVON_clean.cif,mc_clusters__filename,DB12-TIXVON_clean.cif,func_clusters__filename,DB12-TIXVON_clean.cif,flig_clusters__filename,2.434471,0.9983847973792769,6.898012,0.9994085173501577,6.347221,0.9188834627517593,9.259661,0.16820477432661976,False,False,False,,,,False,False,False,,,,True,True,False,mosaec:database\mosaec_db.csv; mosaec:database\mosaec_db.xlsx,refcode=IHEYOM/CAKXOD/ROGSUC; composition=Cu4H64C60S8I4/Gd4C28O24H8N8/Na4H28O20C12S4; metal_id=Cu/Gd/Na; open_metal_site=False/True; open_metal_id=Gd/Co/La; framework_dimensionality=1D/3D/2D; void_fraction_H2=0.0/0.18974/0.16068; void_fraction_probe-occupiable_H2=0.0/0.50002/0.5041 | refcode=IHEYOM/CAKXOD/ROGSUC; composition=Cu4H64C60S8I4/Gd4C28O24H8N8/Na4H28O20C12S4; metal_id=Cu/Gd/Na; open_metal_site=False/True; open_metal_id=Gd/Co/La; framework_dimensionality=1D/3D/2D; void_fraction_H2=0.0/0.18974/0.16068; void_fraction_probe-occupiable_H2=0.0/0.50002/0.5041,0.01976; false; true,False,False,False,,,,exact_id_match,mosaec,True,False,Tier 1: exact external ID support,direct external identifier match; can be described as external-match support after manual ID check,external exact-ID support,process-proxy warning,density window=pass; void-fraction window=warn; PLD window=pass,external stability/provenance metadata available,CO2-consistent high-quantile candidate,confined micropore surprise,Narrow windows may create overlapping adsorption potentials that simple global descriptors underpredict.,100.10069778337461,main-text priority
co2_0p15_uptake_mmol_g_co2_at_0_15_bar_geometry_topology_clusters_rf_topology_grouped_seed43,co2_0p15,uptake(mmol/g) CO2 at 0.15 bar,geometry_topology_clusters,rf,topology_grouped,43,DB12-OSAVUA_clean,4821,8.450211,2.099725656782838,6.350485343217161,0.2742238895107621,0.0151536378088004,0.2219683703115172,1.825501767272076,2.3739495462936,True,False,True,1.0634713014768291,1.036254355306009,3.1631969582596677,0.4442551601608553,0.1118579875539521,0.3528654909559177,1.6554704966219829,2.543980816943693,True,False,True,1.4712426756235455,0.6284829811592925,3.570968332406384,0.6630873638541426,0.2767716389989465,0.5218985995872178,1.4366382929286956,2.7628130206369805,True,False,True,1.9300773277570191,0.169648329025819,4.029802984539858,0.0001558148140934,0.9998636620376682,0.0001558148140934,True,False,False,True,False,True,True,False,False,False,False,True,True,False,False,False,False,False,positive_conformal_anomaly,0.884314,133.271,1502.44,1698.99,0.0,0.0,0.0,70.4301,0.0794,0.0897871,0.0,0.0,0.0,368.56,positive surprise,predictions__co2_0p15_uptake_mmol_g_co2_at_0_15_bar_geometry_topology_clusters_rf_topology_grouped_seed43.csv.gz,False,0.884314,Density,5.59566,Df,5.76863,Di,133.271,ASA,70.4301,AVA,0.0794,AVAf,dmd,Crystalnet,DB12-OSAVUA_clean.cif,flig_clusters__filename,DB12-OSAVUA_clean.cif,mc_clusters__filename,DB12-OSAVUA_clean.cif,func_clusters__filename,DB12-OSAVUA_clean.cif,flig_clusters__filename,1.768868,0.9959354525600582,8.450211,0.9999165857801504,5.393024,0.7807836386799321,9.10397,0.1612851856345547,False,False,False,,,,False,False,False,,,,True,True,False,mosaec:database\mosaec_db.csv; mosaec:database\mosaec_db.xlsx,refcode=IHEYOM/CAKXOD/ROGSUC; composition=Cu4H64C60S8I4/Gd4C28O24H8N8/Na4H28O20C12S4; metal_id=Cu/Gd/Na; open_metal_site=False/True; open_metal_id=Gd/Co/La; framework_dimensionality=1D/3D/2D; void_fraction_H2=0.0/0.18974/0.16068; void_fraction_probe-occupiable_H2=0.0/0.50002/0.5041 | refcode=IHEYOM/CAKXOD/ROGSUC; composition=Cu4H64C60S8I4/Gd4C28O24H8N8/Na4H28O20C12S4; metal_id=Cu/Gd/Na; open_metal_site=False/True; open_metal_id=Gd/Co/La; framework_dimensionality=1D/3D/2D; void_fraction_H2=0.0/0.18974/0.16068; void_fraction_probe-occupiable_H2=0.0/0.50002/0.5041,0.0794; false; true,False,False,False,,,,exact_id_match,mosaec,True,False,Tier 1: exact external ID support,direct external identifier match; can be described as external-match support after manual ID check,external exact-ID support,no obvious process-proxy red flag,density window=pass; void-fraction window=pass; PLD window=pass,external stability/provenance metadata available,CO2-consistent high-quantile candidate,dense / low-void surprise,"The candidate performs better than expected despite low accessible volume, suggesting local binding or pore-shape effects.",88.15787659458266,main-text priority
co2_0p15_uptake_mmol_g_co2_at_0_15_bar_geometry_topology_clusters_rf_topology_grouped_seed43,co2_0p15,uptake(mmol/g) CO2 at 0.15 bar,geometry_topology_clusters,rf,topology_grouped,43,DB1-Zn2O8-BTC_A-irmof8_A_No11,36244,6.189731,1.2516063926245684,4.938124607375432,0.2742238895107621,0.0151536378088004,0.2219683703115172,0.9773825031138064,1.5258302821353305,True,False,True,1.0634713014768291,0.1881350911477393,2.3150776941013973,0.4442551601608553,0.1118579875539521,0.3528654909559177,0.8073512324637131,1.6958615527854235,True,False,True,1.4712426756235455,-0.2196362829989773,2.722849068248114,0.6630873638541426,0.2767716389989465,0.5218985995872178,0.5885190287704258,1.914693756478711,True,False,True,1.9300773277570191,-0.6784709351324507,3.181683720381588,0.0001947685176168,0.9998247083341448,0.0001947685176168,True,False,False,False,False,True,True,False,False,False,False,False,True,False,False,False,False,False,positive_conformal_anomaly,0.624216,2065.97,2456.59,3935.48,0.0,0.0,0.0,2025.11,0.2408,0.385764,0.0,0.0,0.0,4999.7,positive surprise,predictions__co2_0p15_uptake_mmol_g_co2_at_0_15_bar_geometry_topology_clusters_rf_topology_grouped_seed43.csv.gz,False,0.624216,Density,6.68191,Df,11.25743,Di,2065.97,ASA,2025.11,AVA,0.2408,AVAf,tfz,Crystalnet,DB1-Zn2O8-BTC_A-irmof8_A_No11.cif,flig_clusters__filename,DB1-Zn2O8-BTC_A-irmof8_A_No11.cif,mc_clusters__filename,,func_clusters__filename,DB1-Zn2O8-BTC_A-irmof8_A_No11.cif,flig_clusters__filename,0.828675,0.9763217362290706,6.189731,0.9987904938121815,4.186027,0.5234204380004853,14.850671,0.4753814304780393,False,False,False,,,,False,False,False,,,,True,True,False,mosaec:database\mosaec_db.csv; mosaec:database\mosaec_db.xlsx,refcode=IHEYOM/CAKXOD/ROGSUC; composition=Cu4H64C60S8I4/Gd4C28O24H8N8/Na4H28O20C12S4; metal_id=Cu/Gd/Na; open_metal_site=False/True; open_metal_id=Gd/Co/La; framework_dimensionality=1D/3D/2D; void_fraction_H2=0.0/0.18974/0.16068; void_fraction_probe-occupiable_H2=0.0/0.50002/0.5041 | refcode=IHEYOM/CAKXOD/ROGSUC; composition=Cu4H64C60S8I4/Gd4C28O24H8N8/Na4H28O20C12S4; metal_id=Cu/Gd/Na; open_metal_site=False/True; open_metal_id=Gd/Co/La; framework_dimensionality=1D/3D/2D; void_fraction_H2=0.0/0.18974/0.16068; void_fraction_probe-occupiable_H2=0.0/0.50002/0.5041,0.2408; false; true,False,False,False,,,,exact_id_match,mosaec,True,False,Tier 1: exact external ID support,direct external identifier match; can be described as external-match support after manual ID check,external exact-ID support,no obvious process-proxy red flag,density window=pass; void-fraction window=pass; PLD window=pass,external stability/provenance metadata available,CO2-consistent high-quantile candidate,metal-node / chemistry surprise,Metal-cluster chemistry may encode local adsorption interactions not fully captured by the model features.,86.64860584629021,SI/main backup
co2_0p15_uptake_mmol_g_co2_at_0_15_bar_geometry_topology_clusters_rf_topology_grouped_seed43,co2_0p15,uptake(mmol/g) CO2 at 0.15 bar,geometry_topology_clusters,rf,topology_grouped,43,DB12-VAGTAA_clean,180800,6.513916,1.7455993984946292,4.76831660150537,0.2742238895107621,0.0151536378088004,0.2219683703115172,1.4713755089838672,2.0198232880053912,True,False,True,1.0634713014768291,0.6821280970178001,2.8090706999714583,0.4442551601608553,0.1118579875539521,0.3528654909559177,1.301344238333774,2.1898545586554845,True,False,True,1.4712426756235455,0.2743567228710835,3.216842074118175,0.6630873638541426,0.2767716389989465,0.5218985995872178,1.0825120346404866,2.408686762348772,True,False,True,1.9300773277570191,-0.1844779292623899,3.675676726251648,0.0002531990729018,0.9997662777788598,0.0002531990729018,True,False,False,False,False,True,True,False,False,False,False,False,True,False,False,False,False,False,positive_conformal_anomaly,0.872253,121.471,1447.39,1659.37,0.0,0.0,0.0,48.1555,0.05738,0.0657836,0.0,0.0,0.0,328.982,positive surprise,predictions__co2_0p15_uptake_mmol_g_co2_at_0_15_bar_geometry_topology_clusters_rf_topology_grouped_seed43.csv.gz,False,0.872253,Density,4.40372,Df,5.69119,Di,121.471,ASA,48.1555,AVA,0.05738,AVAf,lim,Crystalnet,DB12-VAGTAA_clean.cif,flig_clusters__filename,DB12-VAGTAA_clean.cif,mc_clusters__filename,DB12-VAGTAA_clean.cif,func_clusters__filename,DB12-VAGTAA_clean.cif,flig_clusters__filename,1.094281,0.9865172288279543,6.513916,0.999093818247998,4.690403,0.6382173622907061,9.016906,0.1574026328561029,False,False,False,,,,False,False,False,,,,True,True,False,mosaec:database\mosaec_db.csv; mosaec:database\mosaec_db.xlsx,refcode=IHEYOM/CAKXOD/ROGSUC; composition=Cu4H64C60S8I4/Gd4C28O24H8N8/Na4H28O20C12S4; metal_id=Cu/Gd/Na; open_metal_site=False/True; open_metal_id=Gd/Co/La; framework_dimensionality=1D/3D/2D; void_fraction_H2=0.0/0.18974/0.16068; void_fraction_probe-occupiable_H2=0.0/0.50002/0.5041 | refcode=IHEYOM/CAKXOD/ROGSUC; composition=Cu4H64C60S8I4/Gd4C28O24H8N8/Na4H28O20C12S4; metal_id=Cu/Gd/Na; open_metal_site=False/True; open_metal_id=Gd/Co/La; framework_dimensionality=1D/3D/2D; void_fraction_H2=0.0/0.18974/0.16068; void_fraction_probe-occupiable_H2=0.0/0.50002/0.5041,false; true,False,False,False,,,,exact_id_match,mosaec,True,False,Tier 1: exact external ID support,direct external identifier match; can be described as external-match support after manual ID check,external exact-ID support,no obvious process-proxy red flag,density window=pass; void-fraction window=pass; PLD window=pass,external stability/provenance metadata available,CO2-consistent high-quantile candidate,dense / low-void surprise,"The candidate performs better than expected despite low accessible volume, suggesting local binding or pore-shape effects.",86.36485448862797,SI/main backup
co2_0p15_uptake_mmol_g_co2_at_0_15_bar_geometry_topology_clusters_rf_topology_grouped_seed43,co2_0p15,uptake(mmol/g) CO2 at 0.15 bar,geometry_topology_clusters,rf,topology_grouped,43,DB12-VAGTAA01_clean,131308,8.364414,2.686425829848877,5.6779881701511234,0.2742238895107621,0.0151536378088004,0.2219683703115172,2.4122019403381145,2.9606497193596386,True,False,True,1.0634713014768291,1.6229545283720477,3.7498971313257057,0.4442551601608553,0.1118579875539521,0.3528654909559177,2.2421706696880213,3.130680990009732,True,False,True,1.4712426756235455,1.2151831542253309,4.157668505472422,0.6630873638541426,0.2767716389989465,0.5218985995872178,2.023338465994734,3.349513193703019,True,False,True,1.9300773277570191,0.7563485020918574,4.616503157605896,0.0001558148140934,0.9998636620376682,0.0001558148140934,True,True,False,True,False,True,True,False,False,False,False,True,True,False,False,False,False,False,positive_conformal_anomaly,0.999593,236.319,1408.95,1409.52,0.0,0.0,0.0,83.7296,0.04992,0.0499403,0.0,0.0,0.0,602.981,positive surprise,predictions__co2_0p15_uptake_mmol_g_co2_at_0_15_bar_geometry_topology_clusters_rf_topology_grouped_seed43.csv.gz,False,0.999593,Density,4.40941,Df,5.66319,Di,236.319,ASA,83.7296,AVA,0.04992,AVAf,lim,Crystalnet,DB12-VAGTAA01_clean.cif,flig_clusters__filename,DB12-VAGTAA01_clean.cif,mc_clusters__filename,DB12-VAGTAA01_clean.cif,func_clusters__filename,DB12-VAGTAA01_clean.cif,flig_clusters__filename,1.910335,0.9967165129822858,8.364414,0.9999014195583596,4.687956,0.6376789614171318,8.109417,0.12241036762921621,False,False,False,,,,False,False,False,,,,True,True,False,mosaec:database\mosaec_db.csv; mosaec:database\mosaec_db.xlsx,refcode=IHEYOM/CAKXOD/ROGSUC; composition=Cu4H64C60S8I4/Gd4C28O24H8N8/Na4H28O20C12S4; metal_id=Cu/Gd/Na; open_metal_site=False/True; open_metal_id=Gd/Co/La; framework_dimensionality=1D/3D/2D; void_fraction_H2=0.0/0.18974/0.16068; void_fraction_probe-occupiable_H2=0.0/0.50002/0.5041 | refcode=IHEYOM/CAKXOD/ROGSUC; composition=Cu4H64C60S8I4/Gd4C28O24H8N8/Na4H28O20C12S4; metal_id=Cu/Gd/Na; open_metal_site=False/True; open_metal_id=Gd/Co/La; framework_dimensionality=1D/3D/2D; void_fraction_H2=0.0/0.18974/0.16068; void_fraction_probe-occupiable_H2=0.0/0.50002/0.5041,0.04992; false; true,False,False,False,,,,exact_id_match,mosaec,True,False,Tier 1: exact external ID support,direct external identifier match; can be described as external-match support after manual ID check,external exact-ID support,process-proxy warning,density window=pass; void-fraction window=warn; PLD window=pass,external stability/provenance metadata available,CO2-consistent high-quantile candidate,dense / low-void surprise,"The candidate performs better than expected despite low accessible volume, suggesting local binding or pore-shape effects.",73.48537942151663,SI/main backup
co2_0p15_uptake_mmol_g_co2_at_0_15_bar_geometry_topology_clusters_rf_topology_grouped_seed43,co2_0p15,uptake(mmol/g) CO2 at 0.15 bar,geometry_topology_clusters,rf,topology_grouped,43,DB15-cds_N29_E173_opt,20382,0.408402,2.8872323848967767,-2.4788303848967765,0.2742238895107621,0.0151536378088004,0.2219683703115172,2.6130084953860147,3.1614562744075387,False,True,True,1.0634713014768291,1.823761083419948,3.950703686373606,0.4442551601608553,0.1118579875539521,0.3528654909559177,2.4429772247359214,3.331487545057632,False,True,True,1.4712426756235455,1.415989709273231,4.358475060520322,0.6630873638541426,0.2767716389989465,0.5218985995872178,2.2241450210426343,3.550319748750919,False,True,True,1.9300773277570191,0.9571550571397576,4.817309712653795,0.9999415694447148,7.790740704672496e-05,0.0029994351712989,False,True,False,True,False,True,False,False,False,True,False,True,False,False,False,False,False,False,negative_conformal_anomaly,0.998154,0.0,0.0,0.0,157.461,837.431,838.98,0.0,0.0,0.0,55.506,0.02952,0.0295746,0.0,negative surprise,predictions__co2_0p15_uptake_mmol_g_co2_at_0_15_bar_geometry_topology_clusters_rf_topology_grouped_seed43.csv.gz,False,0.998154,Density,3.47836,Df,6.06003,Di,0.0,ASA,0.0,AVA,0.0,AVAf,cds,Crystalnet,DB15-cds_N29_E173_opt.cif,flig_clusters__filename,DB15-cds_N29_E173_opt.cif,mc_clusters__filename,,func_clusters__filename,DB15-cds_N29_E173_opt.cif,flig_clusters__filename,0.06567,0.32351067702014075,0.408402,0.3497671984955108,2.082031,0.04144549259888377,5.053293,0.03937151176898811,False,False,False,,,,False,False,False,,,,True,True,False,mosaec:database\mosaec_db.csv; mosaec:database\mosaec_db.xlsx,refcode=IHEYOM/CAKXOD/ROGSUC; composition=Cu4H64C60S8I4/Gd4C28O24H8N8/Na4H28O20C12S4; metal_id=Cu/Gd/Na; open_metal_site=False/True; open_metal_id=Gd/Co/La; framework_dimensionality=1D/3D/2D; void_fraction_H2=0.0/0.18974/0.16068; void_fraction_probe-occupiable_H2=0.0/0.50002/0.5041 | refcode=IHEYOM/CAKXOD/ROGSUC; composition=Cu4H64C60S8I4/Gd4C28O24H8N8/Na4H28O20C12S4; metal_id=Cu/Gd/Na; open_metal_site=False/True; open_metal_id=Gd/Co/La; framework_dimensionality=1D/3D/2D; void_fraction_H2=0.0/0.18974/0.16068; void_fraction_probe-occupiable_H2=0.0/0.50002/0.5041,0.0; false; true,False,False,False,,,,exact_id_match,mosaec,True,False,Tier 1: exact external ID support,direct external identifier match; can be described as external-match support after manual ID check,external exact-ID support,process-proxy warning,density window=pass; void-fraction window=warn; PLD window=pass,external stability/provenance metadata available,cross-target evidence limited or ordinary,negative-surprise / overprediction regime,"Model expectation is higher than the held-out uptake; inspect blocked pores, overly generic descriptors or unstable/implausible structures.",36.478855761705475,SI/main backup
co2_0p15_uptake_mmol_g_co2_at_0_15_bar_geometry_topology_clusters_rf_topology_grouped_seed43,co2_0p15,uptake(mmol/g) CO2 at 0.15 bar,geometry_topology_clusters,rf,topology_grouped,43,DB15-cds_N87_E131_opt,111649,0.873584,3.1702562802890744,-2.296672280289074,0.2742238895107621,0.0151536378088004,0.2219683703115172,2.8960323907783123,3.4444801697998364,False,True,True,1.0634713014768291,2.106784978812245,4.233727581765903,0.4442551601608553,0.1118579875539521,0.3528654909559177,2.726001120128219,3.6145114404499297,False,True,True,1.4712426756235455,1.6990136046655286,4.6414989559126205,0.6630873638541426,0.2767716389989465,0.5218985995872178,2.507168916434932,3.833343644143217,False,True,True,1.9300773277570191,1.2401789525320552,5.1003336080460935,0.9998636620376682,0.0001558148140934,0.0035253101688643,False,True,True,True,False,True,False,False,False,True,False,True,False,False,False,False,False,True,negative_conformal_anomaly,1.08947,162.616,710.038,651.728,112.998,493.387,452.869,111.398,0.04864,0.0446456,58.5387,0.02556,0.023461,439.727,negative surprise,predictions__co2_0p15_uptake_mmol_g_co2_at_0_15_bar_geometry_topology_clusters_rf_topology_grouped_seed43.csv.gz,False,1.08947,Density,4.05226,Df,7.27673,Di,162.616,ASA,111.398,AVA,0.04864,AVAf,cds,Crystalnet,DB15-cds_N87_E131_opt.cif,flig_clusters__filename,DB15-cds_N87_E131_opt.cif,mc_clusters__filename,DB15-cds_N87_E131_opt.cif,func_clusters__filename,DB15-cds_N87_E131_opt.cif,flig_clusters__filename,0.110893,0.6196766561514195,0.873584,0.6370912703227372,3.748,0.41698768502790584,6.82009,0.0805553870419801,False,False,False,,,,False,False,False,,,,True,True,False,mosaec:database\mosaec_db.csv; mosaec:database\mosaec_db.xlsx,refcode=IHEYOM/CAKXOD/ROGSUC; composition=Cu4H64C60S8I4/Gd4C28O24H8N8/Na4H28O20C12S4; metal_id=Cu/Gd/Na; open_metal_site=False/True; open_metal_id=Gd/Co/La; framework_dimensionality=1D/3D/2D; void_fraction_H2=0.0/0.18974/0.16068; void_fraction_probe-occupiable_H2=0.0/0.50002/0.5041 | refcode=IHEYOM/CAKXOD/ROGSUC; composition=Cu4H64C60S8I4/Gd4C28O24H8N8/Na4H28O20C12S4; metal_id=Cu/Gd/Na; open_metal_site=False/True; open_metal_id=Gd/Co/La; framework_dimensionality=1D/3D/2D; void_fraction_H2=0.0/0.18974/0.16068; void_fraction_probe-occupiable_H2=0.0/0.50002/0.5041,false; true,False,False,False,,,,exact_id_match,mosaec,True,False,Tier 1: exact external ID support,direct external identifier match; can be described as external-match support after manual ID check,external exact-ID support,process-proxy warning,density window=pass; void-fraction window=warn; PLD window=pass,external stability/provenance metadata available,cross-target evidence limited or ordinary,negative-surprise / overprediction regime,"Model expectation is higher than the held-out uptake; inspect blocked pores, overly generic descriptors or unstable/implausible structures.",36.29673149515006,SI optional
co2_0p15_uptake_mmol_g_co2_at_0_15_bar_geometry_topology_clusters_rf_topology_grouped_seed43,co2_0p15,uptake(mmol/g) CO2 at 0.15 bar,geometry_topology_clusters,rf,topology_grouped,43,DB5-hypotheticalMOF_7000881_0_0_4_20_9_4,60763,1.254325,3.360091755485741,-2.105766755485741,0.2742238895107621,0.0151536378088004,0.2219683703115172,3.085867865974979,3.6343156449965033,False,True,True,1.0634713014768291,2.296620454008912,4.42356305696257,0.4442551601608553,0.1118579875539521,0.3528654909559177,2.915836595324886,3.804346915646597,False,True,True,1.4712426756235455,1.8888490798621955,4.831334431109287,0.6630873638541426,0.2767716389989465,0.5218985995872178,2.697004391631599,4.023179119339884,False,True,True,1.9300773277570191,1.430014427728722,5.290169083242761,0.999629939816528,0.0003895370352336,0.0042654305358081,False,True,True,True,False,True,False,True,False,True,False,True,False,False,False,False,False,True,negative_conformal_anomaly,1.2246,0.0,0.0,0.0,306.362,1026.8,838.476,0.0,0.0,0.0,247.823,0.08306,0.067826,0.0,negative surprise,predictions__co2_0p15_uptake_mmol_g_co2_at_0_15_bar_geometry_topology_clusters_rf_topology_grouped_seed43.csv.gz,True,1.2246,Density,2.58596,Df,7.69319,Di,0.0,ASA,0.0,AVA,0.0,AVAf,hex,Crystalnet,DB5-hypotheticalMOF_7000881_0_0_4_20_9_4.cif,flig_clusters__filename,DB5-hypotheticalMOF_7000881_0_0_4_20_9_4.cif,mc_clusters__filename,DB5-hypotheticalMOF_7000881_0_0_4_20_9_4.cif,func_clusters__filename,DB5-hypotheticalMOF_7000881_0_0_4_20_9_4.cif,flig_clusters__filename,0.116748,0.6433662945886921,1.254325,0.7463335658820675,2.790523,0.16114489808298957,5.422711,0.04620768624120359,False,False,False,,,,False,False,False,,,,True,True,False,mosaec:database\mosaec_db.csv; mosaec:database\mosaec_db.xlsx,refcode=IHEYOM/CAKXOD/ROGSUC; composition=Cu4H64C60S8I4/Gd4C28O24H8N8/Na4H28O20C12S4; metal_id=Cu/Gd/Na; open_metal_site=False/True; open_metal_id=Gd/Co/La; framework_dimensionality=1D/3D/2D; void_fraction_H2=0.0/0.18974/0.16068; void_fraction_probe-occupiable_H2=0.0/0.50002/0.5041 | refcode=IHEYOM/CAKXOD/ROGSUC; composition=Cu4H64C60S8I4/Gd4C28O24H8N8/Na4H28O20C12S4; metal_id=Cu/Gd/Na; open_metal_site=False/True; open_metal_id=Gd/Co/La; framework_dimensionality=1D/3D/2D; void_fraction_H2=0.0/0.18974/0.16068; void_fraction_probe-occupiable_H2=0.0/0.50002/0.5041,0.0; false; true,False,False,False,,,,exact_id_match,mosaec,True,False,Tier 1: exact external ID support,direct external identifier match; can be described as external-match support after manual ID check,external exact-ID support,process-proxy warning,density window=pass; void-fraction window=warn; PLD window=pass,external stability/provenance metadata available,cross-target evidence limited or ordinary,negative-surprise / overprediction regime,"Model expectation is higher than the held-out uptake; inspect blocked pores, overly generic descriptors or unstable/implausible structures.",36.10592750032543,SI optional
co2_0p15_uptake_mmol_g_co2_at_0_15_bar_geometry_topology_clusters_rf_topology_grouped_seed43,co2_0p15,uptake(mmol/g) CO2 at 0.15 bar,geometry_topology_clusters,rf,topology_grouped,43,DB5-hypotheticalMOF_1003193_0_0_4_17_9_1,12575,0.59237,2.6911079064227232,-2.0987379064227234,0.2742238895107621,0.0151536378088004,0.2219683703115172,2.416884016911961,2.9653317959334853,False,True,True,1.0634713014768291,1.627636604945894,3.754579207899552,0.4442551601608553,0.1118579875539521,0.3528654909559177,2.246852746261868,3.1353630665835786,False,True,True,1.4712426756235455,1.2198652307991775,4.162350582046269,0.6630873638541426,0.2767716389989465,0.5218985995872178,2.028020542568581,3.3541952702768656,False,True,True,1.9300773277570191,0.7610305786657041,4.621185234179743,0.9996104629647664,0.0004090138869953,0.0043238610910932,False,True,False,True,False,True,False,False,False,False,False,True,False,False,False,False,False,False,negative_conformal_anomaly,1.30037,0.0,0.0,0.0,301.447,1065.19,819.139,0.0,0.0,0.0,299.131,0.1057,0.0812845,0.0,negative surprise,predictions__co2_0p15_uptake_mmol_g_co2_at_0_15_bar_geometry_topology_clusters_rf_topology_grouped_seed43.csv.gz,False,1.30037,Density,3.11501,Df,9.15205,Di,0.0,ASA,0.0,AVA,0.0,AVAf,hex,Crystalnet,,flig_clusters__filename,,mc_clusters__filename,,func_clusters__filename,,flig_clusters__filename,0.097991,0.5549813455471972,0.59237,0.4948472761465664,2.838184,0.17284184663916524,5.517352,0.048160337296772625,False,False,False,,,,False,False,False,,,,True,True,False,mosaec:database\mosaec_db.csv; mosaec:database\mosaec_db.xlsx,refcode=IHEYOM/CAKXOD/ROGSUC; composition=Cu4H64C60S8I4/Gd4C28O24H8N8/Na4H28O20C12S4; metal_id=Cu/Gd/Na; open_metal_site=False/True; open_metal_id=Gd/Co/La; framework_dimensionality=1D/3D/2D; void_fraction_H2=0.0/0.18974/0.16068; void_fraction_probe-occupiable_H2=0.0/0.50002/0.5041 | refcode=IHEYOM/CAKXOD/ROGSUC; composition=Cu4H64C60S8I4/Gd4C28O24H8N8/Na4H28O20C12S4; metal_id=Cu/Gd/Na; open_metal_site=False/True; open_metal_id=Gd/Co/La; framework_dimensionality=1D/3D/2D; void_fraction_H2=0.0/0.18974/0.16068; void_fraction_probe-occupiable_H2=0.0/0.50002/0.5041,0.0; false; true,False,False,False,,,,exact_id_match,mosaec,True,False,Tier 1: exact external ID support,direct external identifier match; can be described as external-match support after manual ID check,external exact-ID support,process-proxy warning,density window=pass; void-fraction window=warn; PLD window=pass,external stability/provenance metadata available,cross-target evidence limited or ordinary,negative-surprise / overprediction regime,"Model expectation is higher than the held-out uptake; inspect blocked pores, overly generic descriptors or unstable/implausible structures.",36.09890711316548,SI optional
co2_0p15_uptake_mmol_g_co2_at_0_15_bar_geometry_topology_clusters_rf_topology_grouped_seed43,co2_0p15,uptake(mmol/g) CO2 at 0.15 bar,geometry_topology_clusters,rf,topology_grouped,43,DB13-cds-Syn022177,130600,2.681205,2.770583306950535,-0.0893783069505351,0.2742238895107621,0.0151536378088004,0.2219683703115172,2.496359417439773,3.044807196461297,False,False,False,1.0634713014768291,1.707112005473706,3.834054608427364,0.4442551601608553,0.1118579875539521,0.3528654909559177,2.32632814678968,3.2148384671113903,False,False,False,1.4712426756235455,1.2993406313269893,4.241825982574081,0.6630873638541426,0.2767716389989465,0.5218985995872178,2.107495943096392,3.433670670804678,False,False,False,1.9300773277570191,0.8405059791935159,4.700660634707554,0.5210642151802583,0.4789552616715034,0.5935375805854741,True,True,False,True,False,True,False,False,False,False,False,True,False,False,False,False,False,False,uncertain_or_nonelite,0.971551,308.681,1398.87,1439.83,0.0,0.0,0.0,95.636,0.04334,0.0446091,0.0,0.0,0.0,713.85,ordinary high-rank contrast,predictions__co2_0p15_uptake_mmol_g_co2_at_0_15_bar_geometry_topology_clusters_rf_topology_grouped_seed43.csv.gz,False,0.971551,Density,4.04882,Df,5.74575,Di,308.681,ASA,95.636,AVA,0.04334,AVAf,cds,Crystalnet,DB13-cds-Syn022177.cif,flig_clusters__filename,DB13-cds-Syn022177.cif,mc_clusters__filename,DB13-cds-Syn022177.cif,func_clusters__filename,DB13-cds-Syn022177.cif,flig_clusters__filename,0.291136,0.8830305144382431,2.681205,0.9180455289978161,4.897719,0.6824268988109682,8.713293,0.14464025721912158,False,False,False,,,,False,False,False,,,,True,True,False,mosaec:database\mosaec_db.csv; mosaec:database\mosaec_db.xlsx,refcode=IHEYOM/CAKXOD/ROGSUC; composition=Cu4H64C60S8I4/Gd4C28O24H8N8/Na4H28O20C12S4; metal_id=Cu/Gd/Na; open_metal_site=False/True; open_metal_id=Gd/Co/La; framework_dimensionality=1D/3D/2D; void_fraction_H2=0.0/0.18974/0.16068; void_fraction_probe-occupiable_H2=0.0/0.50002/0.5041 | refcode=IHEYOM/CAKXOD/ROGSUC; composition=Cu4H64C60S8I4/Gd4C28O24H8N8/Na4H28O20C12S4; metal_id=Cu/Gd/Na; open_metal_site=False/True; open_metal_id=Gd/Co/La; framework_dimensionality=1D/3D/2D; void_fraction_H2=0.0/0.18974/0.16068; void_fraction_probe-occupiable_H2=0.0/0.50002/0.5041,0.04334; false; true,False,False,False,,,,exact_id_match,mosaec,True,False,Tier 1: exact external ID support,direct external identifier match; can be described as external-match support after manual ID check,external exact-ID support,process-proxy warning,density window=pass; void-fraction window=warn; PLD window=pass,external stability/provenance metadata available,CO2-consistent high-quantile candidate,ordinary contrast candidate,Used as a high-rank or structural contrast for interpreting certified and anomalous cases.,14.372487058544776,SI optional
co2_0p15_uptake_mmol_g_co2_at_0_15_bar_geometry_topology_clusters_rf_topology_grouped_seed43,co2_0p15,uptake(mmol/g) CO2 at 0.15 bar,geometry_topology_clusters,rf,topology_grouped,43,DB0-m5_o1_o11_f0_bcu.sym.34,101742,2.654259,2.7713445843795474,-0.1170855843795473,0.2742238895107621,0.0151536378088004,0.2219683703115172,2.4971206948687854,3.045568473890309,False,False,False,1.0634713014768291,1.7078732829027183,3.834815885856377,0.4442551601608553,0.1118579875539521,0.3528654909559177,2.327089424218692,3.2155997445404028,False,False,False,1.4712426756235455,1.3001019087560015,4.242587260003093,0.6630873638541426,0.2767716389989465,0.5218985995872178,2.108257220525405,3.43443194823369,False,False,False,1.9300773277570191,0.8412672566225283,4.701421912136567,0.6123327425354965,0.3876867343162651,0.4847983172000077,True,True,False,True,False,True,False,False,False,False,False,True,False,False,False,False,False,False,uncertain_or_nonelite,1.29405,0.0,0.0,0.0,127.655,838.659,648.088,0.0,0.0,0.0,42.5284,0.02794,0.0215911,0.0,ordinary high-rank contrast,predictions__co2_0p15_uptake_mmol_g_co2_at_0_15_bar_geometry_topology_clusters_rf_topology_grouped_seed43.csv.gz,False,1.29405,Density,3.69473,Df,6.10941,Di,0.0,ASA,0.0,AVA,0.0,AVAf,stw,Crystalnet,DB0-m5_o1_o11_f0_bcu.sym.34.cif,flig_clusters__filename,DB0-m5_o1_o11_f0_bcu.sym.34.cif,mc_clusters__filename,DB0-m5_o1_o11_f0_bcu.sym.34.cif,func_clusters__filename,DB0-m5_o1_o11_f0_bcu.sym.34.cif,flig_clusters__filename,0.586743,0.9573260434360592,2.654259,0.9161687090512012,3.065876,0.23251713783062364,4.742639,0.033991294588692066,False,False,False,,,,False,False,False,,,,True,True,False,mosaec:database\mosaec_db.csv; mosaec:database\mosaec_db.xlsx,refcode=IHEYOM/CAKXOD/ROGSUC; composition=Cu4H64C60S8I4/Gd4C28O24H8N8/Na4H28O20C12S4; metal_id=Cu/Gd/Na; open_metal_site=False/True; open_metal_id=Gd/Co/La; framework_dimensionality=1D/3D/2D; void_fraction_H2=0.0/0.18974/0.16068; void_fraction_probe-occupiable_H2=0.0/0.50002/0.5041 | refcode=IHEYOM/CAKXOD/ROGSUC; composition=Cu4H64C60S8I4/Gd4C28O24H8N8/Na4H28O20C12S4; metal_id=Cu/Gd/Na; open_metal_site=False/True; open_metal_id=Gd/Co/La; framework_dimensionality=1D/3D/2D; void_fraction_H2=0.0/0.18974/0.16068; void_fraction_probe-occupiable_H2=0.0/0.50002/0.5041,0.0; false; true,False,False,False,,,,exact_id_match,mosaec,True,False,Tier 1: exact external ID support,direct external identifier match; can be described as external-match support after manual ID check,external exact-ID support,process-proxy warning,density window=pass; void-fraction window=warn; PLD window=pass,external stability/provenance metadata available,CO2-consistent high-quantile candidate,ordinary contrast candidate,Used as a high-rank or structural contrast for interpreting certified and anomalous cases.,14.330098101813428,SI optional
