representative_prediction_file,label_col,group_col,group,n_group,n_label_in_group,label_rate_in_group,label_rate_out_group,odds_ratio,fisher_p
predictions__co2_0p15_uptake_mmol_g_co2_at_0_15_bar_geometry_topology_clusters_rf_topology_grouped_seed43.csv.gz,positive_anomaly_90,AVAf,"(-0.001, 0.183]",1461,403,0.2758384668035592,0.062617621899059,5.699275210551109,8.968518393743208e-102
predictions__co2_0p15_uptake_mmol_g_co2_at_0_15_bar_geometry_topology_clusters_rf_topology_grouped_seed43.csv.gz,positive_anomaly_90,AVAg,"(-0.001, 0.209]",1461,395,0.270362765229295,0.0639863130881095,5.418015081211579,8.243578787362354e-96
predictions__co2_0p15_uptake_mmol_g_co2_at_0_15_bar_geometry_topology_clusters_rf_topology_grouped_seed43.csv.gz,positive_anomaly_90,AVA,"(-0.001, 915.863]",1461,394,0.2696783025325119,0.0641573994867408,5.383890332016328,4.458645766435993e-95
predictions__co2_0p15_uptake_mmol_g_co2_at_0_15_bar_geometry_topology_clusters_rf_topology_grouped_seed43.csv.gz,positive_anomaly_90,gASA,"(-0.001, 2215.31]",1461,392,0.2683093771389459,0.0644995722840034,5.316307985720876,1.2798554701337045e-93
predictions__co2_0p15_uptake_mmol_g_co2_at_0_15_bar_geometry_topology_clusters_rf_topology_grouped_seed43.csv.gz,positive_anomaly_90,POAVA,"(-0.001, 2400.958]",1461,392,0.2683093771389459,0.0644995722840034,5.316307985720876,1.2798554701337045e-93
predictions__co2_0p15_uptake_mmol_g_co2_at_0_15_bar_geometry_topology_clusters_rf_topology_grouped_seed43.csv.gz,positive_anomaly_90,ASA,"(-0.001, 877.477]",1461,387,0.2648870636550308,0.0653550042771599,5.15115709693215,5.060073619752196e-90
predictions__co2_0p15_uptake_mmol_g_co2_at_0_15_bar_geometry_topology_clusters_rf_topology_grouped_seed43.csv.gz,positive_anomaly_90,Density,"(0.865, 2.218]",1461,361,0.2470910335386721,0.069803250641574,4.372456160741446,2.1239863627601112e-72
predictions__co2_0p15_uptake_mmol_g_co2_at_0_15_bar_geometry_topology_clusters_rf_topology_grouped_seed43.csv.gz,positive_anomaly_90,vASA,"(-0.001, 1561.406]",1461,353,0.2416153319644079,0.0711719418306244,4.157177349965696,2.3340037615886076e-67
predictions__co2_0p15_uptake_mmol_g_co2_at_0_15_bar_geometry_topology_clusters_rf_topology_grouped_seed43.csv.gz,positive_anomaly_90,Density,"(0.656, 0.865]",1461,153,0.1047227926078028,0.1053892215568862,0.9950885733402628,0.9620241733823996
predictions__co2_0p15_uptake_mmol_g_co2_at_0_15_bar_geometry_topology_clusters_rf_topology_grouped_seed43.csv.gz,positive_anomaly_90,POAVA,"(2400.958, 4950.108]",1461,147,0.1006160164271047,0.106415739948674,0.941572299086036,0.5358602767956893
predictions__co2_0p15_uptake_mmol_g_co2_at_0_15_bar_geometry_topology_clusters_rf_topology_grouped_seed43.csv.gz,positive_anomaly_90,ASA,"(877.477, 1717.206]",1461,146,0.0999315537303217,0.1065868263473053,0.9328004847513928,0.4749988683455832
predictions__co2_0p15_uptake_mmol_g_co2_at_0_15_bar_geometry_topology_clusters_rf_topology_grouped_seed43.csv.gz,positive_anomaly_90,vASA,"(1561.406, 1867.496]",1461,140,0.0958247775496235,0.1076133447390932,0.8810339299007043,0.1982806963955116
predictions__co2_0p15_uptake_mmol_g_co2_at_0_15_bar_geometry_topology_clusters_rf_topology_grouped_seed43.csv.gz,positive_anomaly_90,AVA,"(915.863, 2447.174]",1461,139,0.0951403148528405,0.1077844311377245,0.872548117211263,0.1670058332923149
predictions__co2_0p15_uptake_mmol_g_co2_at_0_15_bar_geometry_topology_clusters_rf_topology_grouped_seed43.csv.gz,positive_anomaly_90,gASA,"(2215.31, 3187.248]",1461,135,0.0924024640657084,0.1084687767322497,0.8390023100066327,0.0777666448558511
predictions__co2_0p15_uptake_mmol_g_co2_at_0_15_bar_geometry_topology_clusters_rf_topology_grouped_seed43.csv.gz,positive_anomaly_90,AVAg,"(0.209, 0.446]",1461,125,0.0855578370978781,0.1101796407185628,0.7578450946264066,0.0056810920568788
predictions__co2_0p15_uptake_mmol_g_co2_at_0_15_bar_geometry_topology_clusters_rf_topology_grouped_seed43.csv.gz,positive_anomaly_90,gASA,"(3187.248, 4159.078]",1461,123,0.0841889117043121,0.1105218135158254,0.7420644653938148,0.0031008227986588
predictions__co2_0p15_uptake_mmol_g_co2_at_0_15_bar_geometry_topology_clusters_rf_topology_grouped_seed43.csv.gz,positive_anomaly_90,AVAf,"(0.183, 0.296]",1461,120,0.082135523613963,0.1110350727117194,0.7186677328843513,0.0011727679728187
predictions__co2_0p15_uptake_mmol_g_co2_at_0_15_bar_geometry_topology_clusters_rf_topology_grouped_seed43.csv.gz,positive_anomaly_90,ASA,"(1717.206, 2378.558]",1461,117,0.0800821355236139,0.1115483319076133,0.6955953658227289,0.0003466333367774
predictions__co2_0p15_uptake_mmol_g_co2_at_0_15_bar_geometry_topology_clusters_rf_topology_grouped_seed43.csv.gz,positive_anomaly_90,Density,"(0.519, 0.656]",1461,110,0.0752908966461327,0.1127459366980325,0.6429923565117466,1.740692064126971e-05
predictions__co2_0p15_uptake_mmol_g_co2_at_0_15_bar_geometry_topology_clusters_rf_topology_grouped_seed43.csv.gz,positive_anomaly_90,AVA,"(2447.174, 4562.844]",1461,109,0.0746064339493497,0.1129170230966638,0.6356157674757682,1.117863483093198e-05
predictions__co2_0p15_uptake_mmol_g_co2_at_0_15_bar_geometry_topology_clusters_rf_topology_grouped_seed43.csv.gz,positive_anomaly_90,AVAg,"(0.446, 0.754]",1461,108,0.0739219712525667,0.1130881094952951,0.6282731620744181,7.116295038809128e-06
predictions__co2_0p15_uptake_mmol_g_co2_at_0_15_bar_geometry_topology_clusters_rf_topology_grouped_seed43.csv.gz,positive_anomaly_90,AVAf,"(0.296, 0.397]",1461,105,0.0718685831622176,0.113601368691189,0.6064474562601214,1.7442204441802338e-06
predictions__co2_0p15_uptake_mmol_g_co2_at_0_15_bar_geometry_topology_clusters_rf_topology_grouped_seed43.csv.gz,positive_anomaly_90,POAVA,"(4950.108, 7809.79]",1462,104,0.0711354309165526,0.1137919233401779,0.5986823094261111,8.636273384472152e-07
predictions__co2_0p15_uptake_mmol_g_co2_at_0_15_bar_geometry_topology_clusters_rf_topology_grouped_seed43.csv.gz,positive_anomaly_90,vASA,"(1867.496, 2003.11]",1461,101,0.0691307323750855,0.1142857142857142,0.5778115144763147,1.859075481809626e-07
predictions__co2_0p15_uptake_mmol_g_co2_at_0_15_bar_geometry_topology_clusters_rf_topology_grouped_seed43.csv.gz,positive_anomaly_90,vASA,"(2003.11, 2161.462]",1461,101,0.0691307323750855,0.1142857142857142,0.5778115144763147,1.859075481809626e-07
predictions__co2_0p15_uptake_mmol_g_co2_at_0_15_bar_geometry_topology_clusters_rf_topology_grouped_seed43.csv.gz,positive_anomaly_90,Density,"(0.365, 0.519]",1461,83,0.0568104038329911,0.1173652694610778,0.4552466726423186,8.719498685858578e-13
predictions__co2_0p15_uptake_mmol_g_co2_at_0_15_bar_geometry_topology_clusters_rf_topology_grouped_seed43.csv.gz,positive_anomaly_90,AVAf,"(0.397, 0.52]",1461,82,0.056125941136208,0.1175363558597091,0.4487277999275099,4.190265434147389e-13
predictions__co2_0p15_uptake_mmol_g_co2_at_0_15_bar_geometry_topology_clusters_rf_topology_grouped_seed43.csv.gz,positive_anomaly_90,AVAg,"(0.754, 1.42]",1461,81,0.055441478439425,0.1177074422583404,0.4422384404417058,2.0055740747624452e-13
predictions__co2_0p15_uptake_mmol_g_co2_at_0_15_bar_geometry_topology_clusters_rf_topology_grouped_seed43.csv.gz,positive_anomaly_90,ASA,"(2378.558, 3530.306]",1461,80,0.054757015742642,0.1178785286569717,0.4357784428387448,6.994717595544265e-14
predictions__co2_0p15_uptake_mmol_g_co2_at_0_15_bar_geometry_topology_clusters_rf_topology_grouped_seed43.csv.gz,positive_anomaly_90,POAVA,"(7809.79, 13803.7]",1460,74,0.0506849315068493,0.1188847074923024,0.3979907410552044,4.219194506603112e-16
