y_pred,L_adaptive_90,U_adaptive_90,y_true,decision_class_main
0.7306919730704464,0.0957840036171114,1.3655999425237813,0.422481,uncertain_or_nonelite
0.3208113866402484,0.1603476869407496,0.4812750863397472,0.228678,uncertain_or_nonelite
0.6163529144596527,0.2076104465261385,1.0250953823931668,0.556708,uncertain_or_nonelite
0.23993100893473,0.1334408695333862,0.3464211483360738,0.203868,uncertain_or_nonelite
0.9529291200930812,0.3180211506397462,1.587837089546416,0.400233,negative_conformal_anomaly
0.562815466657046,0.1540729987235318,0.97155793459056,0.468535,uncertain_or_nonelite
0.7482543417062988,0.1133463722529638,1.3831623111596336,0.562676,uncertain_or_nonelite
0.8609511926744705,0.2260432232211355,1.4958591621278057,0.621026,uncertain_or_nonelite
0.718027308989693,0.3092848410561789,1.126769776923207,0.289632,negative_conformal_anomaly
0.2513325199335993,0.1448423805322554,0.357822659334943,0.26328,uncertain_or_nonelite
0.8790253890515084,0.2441174195981734,1.5139333585048431,0.448847,negative_conformal_anomaly
0.79843582117941,0.1635278517260751,1.4333437906327449,0.478335,uncertain_or_nonelite
0.5846223394194562,0.175879871485942,0.9933648073529704,0.651642,uncertain_or_nonelite
0.5762510212569772,0.1675085533234631,0.9849934891904912,0.317312,uncertain_or_nonelite
0.3848334390505708,0.1359734619386273,0.6336934161625143,0.468033,uncertain_or_nonelite
2.1900566008266,0.7188139252030541,3.6612992764501455,3.351118,positive_conformal_anomaly
2.632533789342302,1.161291113718757,4.103776464965849,1.734478,negative_conformal_anomaly
1.540762388936898,0.0695197133133522,3.0120050645604435,1.198233,uncertain_or_nonelite
0.7882712759115919,0.1533633064582569,1.4231792453649268,0.307071,negative_conformal_anomaly
0.70460116805071,0.2958587001171959,1.113343635984224,0.419695,uncertain_or_nonelite
0.5537732373728417,0.1450307694393275,0.9625157053063558,0.252831,uncertain_or_nonelite
0.747417862319696,0.112509892866361,1.382325831773031,0.372913,negative_conformal_anomaly
0.5570545119846992,0.1483120440511851,0.9657969799182132,0.321148,uncertain_or_nonelite
0.8374133474397146,0.2025053779863797,1.4723213168930496,0.356122,negative_conformal_anomaly
0.4172466734819463,0.1683866963700028,0.6661066505938897,0.385109,uncertain_or_nonelite
2.6435917562432936,1.172349080619748,4.114834431866839,3.629118,positive_conformal_anomaly
3.3595613885757345,1.8883187129521888,4.83080406419928,2.353275,negative_conformal_anomaly
0.3197049999386553,0.1592413002391565,0.4801686996381541,0.207238,uncertain_or_nonelite
0.7315881853216509,0.0966802158683159,1.366496154774986,0.830772,uncertain_or_nonelite
1.1750462834622282,-0.2961963921613175,2.6462889590857737,1.607715,positive_conformal_anomaly
0.3801998114777367,0.1778334804782624,0.582566142477211,0.178187,uncertain_or_nonelite
0.3285212352813237,0.1680575355818249,0.4889849349808225,0.225571,uncertain_or_nonelite
0.5702016049558426,0.1614591370223285,0.9789440728893568,0.43166,uncertain_or_nonelite
0.690376505808968,0.2816340378754539,1.099118973742482,0.380356,uncertain_or_nonelite
0.2089530047260278,0.102462865324684,0.3154431441273716,0.148413,uncertain_or_nonelite
0.5338141751589766,0.2276023769425828,0.8400259733753703,0.257608,uncertain_or_nonelite
0.3794494167652349,0.1770830857657606,0.5818157477647091,0.270724,uncertain_or_nonelite
0.4428179432330695,0.193957966121126,0.691677920345013,0.2828,uncertain_or_nonelite
0.7800066910892486,0.1450987216359136,1.4149146605425835,0.477393,uncertain_or_nonelite
0.2472917129418694,0.1408015735405256,0.3537818523432132,0.230745,uncertain_or_nonelite
0.3560818463557414,0.1537155153562672,0.5584481773552157,1.154742,positive_conformal_anomaly
0.7318333598068113,0.0969253903534763,1.3667413292601462,0.860378,positive_conformal_anomaly
0.3095565841866158,0.149092884487117,0.4700202838861146,0.135947,uncertain_or_nonelite
0.9197751990945298,0.2848672296411948,1.5546831685478648,0.293981,negative_conformal_anomaly
1.7560348099412284,0.2847921343176827,3.227277485564774,1.593413,uncertain_or_nonelite
0.6927456876234912,0.2840032196899771,1.1014881555570053,0.406374,uncertain_or_nonelite
0.3860625135433381,0.1372025364313946,0.6349224906552816,0.46937,uncertain_or_nonelite
0.6034912268612133,0.1947487589276991,1.0122336947947272,0.252206,uncertain_or_nonelite
2.0207961531252145,0.5495534775016688,3.4920388287487603,0.257597,negative_conformal_anomaly
0.6578341412193824,0.2490916732858683,1.0665766091528963,0.341681,uncertain_or_nonelite
0.3883752619345093,0.1395152848225658,0.6372352390464529,0.224481,uncertain_or_nonelite
0.246159424886057,0.1396692854847132,0.3526495642874008,0.251355,uncertain_or_nonelite
1.016883076445353,0.381975106992018,1.6517910458986875,0.616457,negative_conformal_anomaly
0.8065938756510096,0.1716859061976746,1.4415018451043444,0.673522,uncertain_or_nonelite
0.6748841872131749,0.2661417192796608,1.083626655146689,0.5864,uncertain_or_nonelite
0.4094735895934293,0.1606136124814858,0.6583335667053727,0.200023,uncertain_or_nonelite
0.3736671351433837,0.1713008041439094,0.5760334661428579,0.160753,uncertain_or_nonelite
0.597017378255422,0.1882749103219079,1.005759846188936,0.184811,negative_conformal_anomaly
0.9562396642769506,0.3213316948236157,1.5911476337302854,0.464546,negative_conformal_anomaly
0.7588629092677589,0.1239549398144239,1.3937708787210938,0.398588,negative_conformal_anomaly
0.3269998515855893,0.1665361518860905,0.4874635512850881,0.270298,uncertain_or_nonelite
1.045959299013982,0.4110513295606469,1.680867268467317,0.773598,uncertain_or_nonelite
0.2793226480525717,0.1468509591985902,0.4117943369065531,0.298521,uncertain_or_nonelite
0.5866671385179217,0.1779246705844076,0.9954096064514358,0.431549,uncertain_or_nonelite
0.7795346384969072,0.1446266690435722,1.414442607950242,0.697746,uncertain_or_nonelite
0.4323419347017743,0.1834819575898308,0.6812019118137178,0.48139,uncertain_or_nonelite
0.3056881576370652,0.1452244579375664,0.466151857336564,0.323792,uncertain_or_nonelite
0.2490207959897955,0.1425306565884517,0.3555109353911393,0.279973,uncertain_or_nonelite
0.5913250310504781,0.1825825631169639,1.0000674989839922,0.324761,uncertain_or_nonelite
0.4088896327622259,0.1600296556502824,0.6577496098741693,0.238503,uncertain_or_nonelite
0.5569797413058257,0.1482372733723116,0.9657222092393398,0.315506,uncertain_or_nonelite
0.6420973537265756,0.2333548857930615,1.0508398216600896,0.369092,uncertain_or_nonelite
0.7047628452628978,0.2960203773293837,1.113505313196412,0.377751,uncertain_or_nonelite
0.8615193933537546,0.2266114239004196,1.4964273628070894,1.268316,positive_conformal_anomaly
0.4179128136868857,0.1690528365749422,0.6667727907988292,0.316944,uncertain_or_nonelite
0.620717876714701,0.2119754087811869,1.0294603446482151,0.324254,uncertain_or_nonelite
0.6768804938021932,0.2681380258686791,1.0856229617357074,0.657845,uncertain_or_nonelite
0.2988795561781954,0.166407867324214,0.4313512450321768,0.16986,uncertain_or_nonelite
0.6113786164441329,0.2026361485106188,1.0201210843776471,0.281039,uncertain_or_nonelite
0.7906658797699329,0.1557579103165979,1.4255738492232677,0.633488,uncertain_or_nonelite
1.455940401213882,-0.0153022744096635,2.927183076837428,0.816065,negative_conformal_anomaly
0.3349688965059696,0.1326025655064953,0.5373352275054438,0.260221,uncertain_or_nonelite
0.8143461480964926,0.1794381786431577,1.4492541175498277,0.351263,negative_conformal_anomaly
0.5417697180433744,0.2355579198269806,0.8479815162597681,0.256819,uncertain_or_nonelite
0.5524301422490426,0.1436876743155285,0.9611726101825568,0.593605,uncertain_or_nonelite
0.5761048999401465,0.1673624320066323,0.9848473678736606,0.263133,uncertain_or_nonelite
0.7271841313102922,0.0922761618569573,1.3620921007636273,0.422277,uncertain_or_nonelite
0.630965359137725,0.2222228912042109,1.039707827071239,0.711111,uncertain_or_nonelite
1.989445776225532,0.518203100601986,3.460688451849077,3.621587,positive_conformal_anomaly
0.5588443048739121,0.150101836940398,0.9675867728074262,0.303305,uncertain_or_nonelite
0.3065707330934412,0.1461070333939423,0.46703443279294,0.586182,positive_conformal_anomaly
2.103001632554176,0.6317589569306299,3.5742443081777213,3.095034,positive_conformal_anomaly
0.2989868474366326,0.1665151585826512,0.431458536290614,0.186878,uncertain_or_nonelite
0.2812609176837424,0.148789228829761,0.4137326065377238,0.266769,uncertain_or_nonelite
0.6307031783125002,0.2219607103789861,1.0394456462460142,0.99724,positive_conformal_anomaly
0.684927802725151,0.2761853347916368,1.0936702706586652,0.400877,uncertain_or_nonelite
0.3612012950968775,0.1588349640974033,0.5635676260963518,0.20053,uncertain_or_nonelite
0.6877241153238585,0.2789816473903443,1.0964665832573726,0.282037,negative_conformal_anomaly
0.7679787605651588,0.1330707911118238,1.4028867300184935,0.431566,uncertain_or_nonelite
0.3034702249538129,0.1430065252543141,0.4639339246533117,0.246188,uncertain_or_nonelite
0.885671169593739,0.2507632001404041,1.520579139047074,0.604775,uncertain_or_nonelite
0.3029505594860362,0.1424868597865374,0.463414259185535,0.354587,uncertain_or_nonelite
1.90186218029158,0.4306195046680339,3.373104855915125,1.074494,negative_conformal_anomaly
0.328016634845563,0.1675529351460641,0.4884803345450618,0.269198,uncertain_or_nonelite
0.225341270409855,0.1188511310085112,0.3318314098111988,0.196414,uncertain_or_nonelite
0.7012095401214398,0.2924670721879256,1.109952008054954,0.484843,uncertain_or_nonelite
1.2076132053246431,-0.2636294702989024,2.678855880948189,0.635174,negative_conformal_anomaly
0.7948178156121114,0.1599098461587764,1.4297257850654463,0.335486,negative_conformal_anomaly
0.515815624285467,0.2096038260690733,0.8220274225018607,0.231912,uncertain_or_nonelite
0.3567917764370654,0.1544254454375912,0.5591581074365397,0.34952,uncertain_or_nonelite
0.800436210941862,0.165528241488527,1.435344180395197,0.471839,uncertain_or_nonelite
0.6635818928095516,0.2548394248760375,1.0723243607430657,0.338128,uncertain_or_nonelite
1.3765105771598545,-0.0947320984636914,2.8477532527834,0.562532,negative_conformal_anomaly
0.2678155820951727,0.1487773709603971,0.3868537932299483,0.255534,uncertain_or_nonelite
0.3308731155391503,0.1704094158396514,0.4913368152386491,0.295049,uncertain_or_nonelite
0.7335853467350617,0.0986773772817267,1.3684933161883968,0.423773,uncertain_or_nonelite
2.4641804151573825,0.9929377395338368,3.935423090780928,1.873058,negative_conformal_anomaly
0.4376370526774962,0.1887770755655527,0.6864970297894397,0.274951,uncertain_or_nonelite
0.872451633611489,0.2375436641581541,1.507359603064824,0.25871,negative_conformal_anomaly
0.2654772336991376,0.1464390225643621,0.3845154448339132,0.274068,uncertain_or_nonelite
0.5767987374367416,0.1680562695032275,0.9855412053702556,0.371516,uncertain_or_nonelite
0.2653750685371805,0.146336857402405,0.3844132796719561,0.221733,uncertain_or_nonelite
0.4956713949858786,0.1894595967694848,0.8018831932022723,0.258339,uncertain_or_nonelite
0.2660830460030592,0.1470448348682836,0.3851212571378347,0.21561,uncertain_or_nonelite
0.3391512394487339,0.1367849084492596,0.5415175704482081,0.195227,uncertain_or_nonelite
0.8331475095635394,0.1982395401102045,1.4680554790168745,0.23913,negative_conformal_anomaly
0.2330141555404849,0.1265240161391411,0.3395042949418287,0.146872,uncertain_or_nonelite
0.3231758777353989,0.1627121780359001,0.4836395774348977,0.218661,uncertain_or_nonelite
0.2291736110136625,0.1226834716123187,0.3356637504150064,0.125705,uncertain_or_nonelite
2.238043112833748,0.7668004372102022,3.7092857884572936,2.884996,positive_conformal_anomaly
0.8177622438846427,0.1828542744313077,1.4526702133379776,0.369724,negative_conformal_anomaly
2.6481041904941103,1.1768615148705646,4.119346866117656,2.718805,uncertain_or_nonelite
0.7067453842847821,0.2980029163512679,1.1154878522182965,0.63816,uncertain_or_nonelite
0.9827633804619786,0.3478554110086437,1.6176713499153137,0.697253,uncertain_or_nonelite
0.3056735953972697,0.1452098956977708,0.4661372950967685,0.20415,uncertain_or_nonelite
0.2507798813525062,0.1442897419511624,0.35727002075385,0.192947,uncertain_or_nonelite
0.5651718213066793,0.1564293533731652,0.9739142892401934,0.298036,uncertain_or_nonelite
0.2135724539663304,0.1070823145649866,0.3200625933676743,0.147893,uncertain_or_nonelite
1.9457762267148084,0.4745335510912627,3.417018902338354,0.419886,negative_conformal_anomaly
0.5452602359956135,0.1365177680620993,0.9540027039291276,0.287078,uncertain_or_nonelite
1.513323282510244,0.0420806068866983,2.98456595813379,2.463132,positive_conformal_anomaly
1.6653505197979055,0.1941078441743597,3.136593195421451,1.327944,uncertain_or_nonelite
0.6617220084624887,0.2529795405289746,1.070464476396003,0.585376,uncertain_or_nonelite
0.5767152594985984,0.1679727915650842,0.9854577274321124,0.436194,uncertain_or_nonelite
0.6865447507592133,0.2778022828256992,1.0952872186927274,0.407562,uncertain_or_nonelite
0.3957742939367451,0.1469143168248016,0.6446342710486885,0.137567,uncertain_or_nonelite
0.3717409717174114,0.1693746407179371,0.5741073027168856,0.356305,uncertain_or_nonelite
2.390138582985881,0.9188959073623356,3.861381258609427,2.445849,uncertain_or_nonelite
0.8726149969444872,0.2377070274911522,1.507522966397822,0.343719,negative_conformal_anomaly
0.3774007204869549,0.1750343894874807,0.5797670514864292,0.242763,uncertain_or_nonelite
0.65695141407722,0.2482089461437059,1.0656938820107342,0.487175,uncertain_or_nonelite
1.2299415145491583,-0.2413011610743873,2.701184190172704,0.240505,negative_conformal_anomaly
0.373160743801156,0.1707944128016817,0.5755270748006303,0.24784,uncertain_or_nonelite
0.6625035513681629,0.2537610834346487,1.071246019301677,0.651706,uncertain_or_nonelite
0.4437972562589629,0.1949372791470194,0.6926572333709065,0.3679,uncertain_or_nonelite
1.3547558498971186,-0.1164868257264271,2.825998525520665,0.659609,negative_conformal_anomaly
0.2477790999047207,0.1412889605033769,0.3542692393060646,0.283973,uncertain_or_nonelite
0.3500174012433307,0.1476510702438565,0.552383732242805,0.233368,uncertain_or_nonelite
0.8504452142740156,0.2155372448206807,1.4853531837273506,0.250849,negative_conformal_anomaly
0.5235996327394721,0.2173878345230783,0.8298114309558657,0.340658,uncertain_or_nonelite
0.9876155353285964,0.3527075658752615,1.6225235047819315,1.294974,positive_conformal_anomaly
0.2822611869855917,0.1497894981316103,0.4147328758395731,0.25726,uncertain_or_nonelite
0.6867502671827216,0.2780077992492075,1.0954927351162356,0.274378,negative_conformal_anomaly
0.380601517809937,0.1782351868104627,0.5829678488094112,0.19212,uncertain_or_nonelite
1.0835136534565717,0.4486056840032365,1.7184216229099063,0.708942,negative_conformal_anomaly
0.5730343464122194,0.1642918784787053,0.9817768143457336,0.387692,uncertain_or_nonelite
0.5687266881254759,0.1599842201919618,0.97746915605899,0.172831,negative_conformal_anomaly
1.058480014368789,0.4235720449154539,1.6933879838221235,0.891896,uncertain_or_nonelite
0.5095360425466215,0.2033242443302278,0.8157478407630152,0.279415,uncertain_or_nonelite
0.7699943524946506,0.1350863830413157,1.4049023219479857,0.733886,uncertain_or_nonelite
1.3748837164468242,-0.0963589591767215,2.84612639207037,0.575248,negative_conformal_anomaly
0.6135382732430522,0.2047958053095381,1.0222807411765662,0.404565,uncertain_or_nonelite
0.6909387286124253,0.2821962606789112,1.0996811965459394,0.740504,uncertain_or_nonelite
1.321695603837844,-0.1495470717857017,2.792938279461389,0.461522,negative_conformal_anomaly
0.2931534898134197,0.1606818009594383,0.4256251786674011,0.286463,uncertain_or_nonelite
0.2901520210788642,0.1576803322248827,0.4226237099328456,0.231772,uncertain_or_nonelite
0.6779630508691584,0.2692205829356443,1.0867055188026726,0.509152,uncertain_or_nonelite
0.9514468855300316,0.3165389160766967,1.5863548549833666,0.690525,uncertain_or_nonelite
0.4372075192108048,0.1883475420988613,0.6860674963227482,0.148775,uncertain_or_nonelite
0.710220546165661,0.3014780782321469,1.118963014099175,0.252451,negative_conformal_anomaly
0.7665484943563221,0.1316405249029871,1.401456463809657,0.30315,negative_conformal_anomaly
0.5487238607637008,0.1399813928301867,0.9574663286972148,0.22619,uncertain_or_nonelite
0.6925979568172671,0.283855488883753,1.1013404247507812,0.251226,negative_conformal_anomaly
0.5628799068335258,0.1541374389000117,0.97162237476704,0.332756,uncertain_or_nonelite
0.3969810426556025,0.148121065543659,0.6458410197675459,0.249647,uncertain_or_nonelite
2.318268123978126,0.8470254483545805,3.789510799601672,1.836168,negative_conformal_anomaly
0.3095418458556015,0.1490781461561027,0.4700055455551003,0.18117,uncertain_or_nonelite
0.5359472127587007,0.229735414542307,0.8421590109750945,0.167256,negative_conformal_anomaly
0.579442282059719,0.1706998141262049,0.9881847499932332,0.233573,uncertain_or_nonelite
0.5408382286493729,0.2346264304329792,0.8470500268657666,0.360979,uncertain_or_nonelite
0.2567419143875117,0.1377037032527362,0.3757801255222873,0.261982,uncertain_or_nonelite
0.6427460779934864,0.2340036100599722,1.0514885459270005,0.226857,negative_conformal_anomaly
0.216514026150189,0.1100238867488452,0.3230041655515328,0.261657,uncertain_or_nonelite
1.983710692659995,0.5124680170364493,3.4549533682835407,3.501516,positive_conformal_anomaly
0.6801965248296417,0.2714540568961275,1.088938992763156,0.421569,uncertain_or_nonelite
2.6291562024151074,1.1579135267915617,4.1003988780386535,2.006551,negative_conformal_anomaly
1.7910198435057785,0.3197771678822325,3.262262519129324,1.121245,negative_conformal_anomaly
0.3350232169667697,0.1326568859672954,0.5373895479662439,0.222103,uncertain_or_nonelite
0.6478582847367966,0.2391158168032825,1.0566007526703107,0.313212,uncertain_or_nonelite
0.8801271344057128,0.2452191649523778,1.5150351038590475,0.575174,uncertain_or_nonelite
0.4360360597363392,0.1871760826243957,0.6848960368482827,0.983708,positive_conformal_anomaly
0.5932560968328724,0.1845136288993583,1.0019985647663865,0.206357,negative_conformal_anomaly
0.463356154416365,0.1571443561999713,0.7695679526327588,0.333684,uncertain_or_nonelite
2.41999780855722,0.9487551329336736,3.891240484180765,1.365731,negative_conformal_anomaly
0.5790001788268956,0.1702577108933815,0.9877426467604096,0.347769,uncertain_or_nonelite
0.6573121327319592,0.2485696647984451,1.0660546006654732,0.847081,positive_conformal_anomaly
0.6317271846760419,0.2229847167425278,1.040469652609556,0.44327,uncertain_or_nonelite
0.5763965647101045,0.1676540967765903,0.9851390326436186,0.477361,uncertain_or_nonelite
0.4855838049691,0.1793720067527063,0.7917956031854938,0.250676,uncertain_or_nonelite
0.3130865698771695,0.1526228701776706,0.4735502695766683,0.277997,uncertain_or_nonelite
0.6221096197134895,0.2133671517799754,1.0308520876470038,0.39643,uncertain_or_nonelite
0.6534643386746627,0.2447218707411486,1.062206806608177,0.261406,negative_conformal_anomaly
0.6035429421490016,0.1948004742154875,1.0122854100825158,0.285284,uncertain_or_nonelite
0.9203418836098928,0.2854339141565578,1.5552498530632275,0.471811,negative_conformal_anomaly
0.2438431681132268,0.1373530287118829,0.3503333075145706,0.118751,uncertain_or_nonelite
1.3597957948812565,-0.1114468807422892,2.831038470504802,1.141184,uncertain_or_nonelite
0.8543897453053131,0.2194817758519781,1.489297714758648,0.399893,negative_conformal_anomaly
1.0382195407304189,0.4033115712770839,1.673127510183754,0.338723,negative_conformal_anomaly
0.5518449442107359,0.1431024762772218,0.96058741214425,0.360336,uncertain_or_nonelite
0.3130722449573936,0.1526085452578948,0.4735359446568924,0.27081,uncertain_or_nonelite
0.1697446546819108,0.063254515280567,0.2762347940832547,0.119196,uncertain_or_nonelite
0.6626067266295215,0.2538642586960073,1.0713491945630356,0.377782,uncertain_or_nonelite
0.4938189889037011,0.1876071906873074,0.8000307871200949,0.253768,uncertain_or_nonelite
0.6240344997989113,0.2152920318653972,1.0327769677324254,0.389926,uncertain_or_nonelite
0.2069887405900539,0.1004986011887101,0.3134788799913978,0.117376,uncertain_or_nonelite
0.3734121787537665,0.1710458477542922,0.5757785097532407,0.180406,uncertain_or_nonelite
1.0399965797473458,0.4050886102940109,1.6749045492006809,0.740213,uncertain_or_nonelite
0.6856122884942225,0.2768698205607084,1.0943547564277365,0.226482,negative_conformal_anomaly
0.6672577910651011,0.258515323131587,1.076000258998615,0.944658,positive_conformal_anomaly
2.782324566050589,1.3110818904270438,4.253567241674135,1.601382,negative_conformal_anomaly
0.2447504011614813,0.1382602617601375,0.3512405405628251,0.225789,uncertain_or_nonelite
0.3870840381460621,0.1382240610341186,0.6359440152580056,0.255388,uncertain_or_nonelite
0.7104865049635564,0.3017440370300422,1.1192289728970706,0.285823,negative_conformal_anomaly
0.5230857291843245,0.2168739309679307,0.8292975274007182,0.258943,uncertain_or_nonelite
0.7134078076650677,0.3046653397315536,1.1221502755985815,0.743635,uncertain_or_nonelite
0.336515261888816,0.1341489308893418,0.5388815928882903,0.347023,uncertain_or_nonelite
0.7604410219008845,0.1255330524475495,1.3953489913542194,1.633152,positive_conformal_anomaly
0.741910974180925,0.10700300472759,1.37681894363426,0.520624,uncertain_or_nonelite
0.2285729461764303,0.1220828067750865,0.3350630855777741,0.246355,uncertain_or_nonelite
0.5341673867847633,0.2279555885683695,0.840379185001157,0.197794,uncertain_or_nonelite
0.5662902664471933,0.1575477985136791,0.9750327343807074,0.418597,uncertain_or_nonelite
1.0826250520720857,0.4477170826187505,1.7175330215254203,0.303659,negative_conformal_anomaly
0.6152976161544526,0.2065551482209384,1.0240400840879669,0.520723,uncertain_or_nonelite
0.2596922908719749,0.1406540797371993,0.3787305020067505,0.220293,uncertain_or_nonelite
0.4073048295373566,0.1584448524254131,0.6561648066493,0.560847,positive_conformal_anomaly
0.6729926526587852,0.264250184725271,1.0817351205922994,0.271308,negative_conformal_anomaly
0.635261294778825,0.2265188268453108,1.044003762712339,0.210107,negative_conformal_anomaly
0.3960028259420824,0.147142848830139,0.644862803054026,0.137482,uncertain_or_nonelite
0.6320045805302168,0.2232621125967027,1.040747048463731,0.406228,uncertain_or_nonelite
0.3467868336194174,0.1444205026199432,0.5491531646188916,0.211722,uncertain_or_nonelite
0.3037711914582189,0.1433074917587201,0.4642348911577177,0.188985,uncertain_or_nonelite
0.5983273240912843,0.1895848561577702,1.0070697920247984,0.508943,uncertain_or_nonelite
2.4782322232008367,1.006989547577291,3.9494748988243824,2.261793,uncertain_or_nonelite
0.2403598000688527,0.1338696606675089,0.3468499394701966,0.146818,uncertain_or_nonelite
0.619689555559582,0.2109470876260679,1.028432023493096,0.26758,uncertain_or_nonelite
0.3253558471958565,0.1648921474963577,0.4858195468953553,0.225039,uncertain_or_nonelite
0.4258087811023635,0.17694880399042,0.6746687582143069,0.126632,uncertain_or_nonelite
0.2999140116331843,0.1674423227792029,0.4323857004871657,0.227681,uncertain_or_nonelite
0.3820773008174609,0.1797109698179867,0.5844436318169351,0.163652,uncertain_or_nonelite
1.7533174313146795,0.2820747556911338,3.2245601069382253,1.082977,negative_conformal_anomaly
0.4665499219128568,0.1603381236964631,0.7727617201292505,0.246911,uncertain_or_nonelite
1.930837344626931,0.4595946690033849,3.4020800202504766,1.681645,uncertain_or_nonelite
0.2595292746591509,0.1404910635243753,0.3785674857939265,0.234601,uncertain_or_nonelite
1.9945591672578584,0.5233164916343129,3.4658018428814046,1.090594,negative_conformal_anomaly
1.9567121702985288,0.4854694946749829,3.4279548459220743,0.918143,negative_conformal_anomaly
0.3574124082744225,0.1550460772749483,0.5597787392738968,0.25072,uncertain_or_nonelite
2.4666684145368114,0.9954257389132656,3.937911090160357,2.773869,positive_conformal_anomaly
2.336224173249141,0.8649814976255952,3.807466848872687,2.430708,uncertain_or_nonelite
0.621774737135021,0.2130322692015068,1.0305172050685352,0.393474,uncertain_or_nonelite
1.1009079288630683,-0.3703347467604774,2.5721506044866143,0.50414,negative_conformal_anomaly
0.260379980645531,0.1413417695107554,0.3794181917803065,0.189347,uncertain_or_nonelite
0.2899679343361351,0.1574962454821536,0.4224396231901165,0.245448,uncertain_or_nonelite
0.7236971451122397,0.3149546771787256,1.132439613045754,0.717606,uncertain_or_nonelite
2.096255592067375,0.6250129164438292,3.5674982676909206,2.187327,uncertain_or_nonelite
0.5137689438542294,0.2075571456378357,0.8199807420706231,0.3128,uncertain_or_nonelite
0.3880358944236171,0.1391759173116736,0.6368958715355606,0.306812,uncertain_or_nonelite
0.469332724332081,0.1631209261156873,0.7755445225484747,0.230025,uncertain_or_nonelite
1.2717065836944046,-0.1995360919291411,2.7429492593179505,0.739006,negative_conformal_anomaly
1.0185704072940105,0.3836624378406755,1.6534783767473455,0.268665,negative_conformal_anomaly
0.6469863467292342,0.23824387879572,1.055728814662748,0.270608,negative_conformal_anomaly
0.5170898698171762,0.2108780716007824,0.8233016680335699,0.188556,uncertain_or_nonelite
0.9322690613873584,0.2973610919340235,1.5671770308406934,0.761482,uncertain_or_nonelite
0.7621676467557824,0.1272596773024474,1.3970756162091174,0.475137,uncertain_or_nonelite
0.5445250452866398,0.2383132470702461,0.8507368435030336,0.688024,positive_conformal_anomaly
0.593867334744334,0.1851248668108198,1.002609802677848,0.28165,uncertain_or_nonelite
0.6920483534785918,0.2833058855450777,1.1007908214121058,0.200871,negative_conformal_anomaly
0.766409491891126,0.131501522437791,1.401317461344461,0.282992,negative_conformal_anomaly
0.6863632328338068,0.2776207649002927,1.0951057007673208,0.376478,uncertain_or_nonelite
1.101409264110793,-0.3698334115127526,2.572651939734339,0.338961,negative_conformal_anomaly
0.5000138816401718,0.193802083423778,0.8062256798565655,0.286025,uncertain_or_nonelite
1.2969541421651043,-0.1742885334584414,2.76819681778865,0.81665,negative_conformal_anomaly
0.9139983939873788,0.2790904245340437,1.5489063634407136,1.552246,positive_conformal_anomaly
0.3984868490473922,0.1496268719354487,0.6473468261593356,0.346049,uncertain_or_nonelite
0.3694277097416459,0.1670613787421716,0.5717940407411202,0.253809,uncertain_or_nonelite
1.7407978494324623,0.2695551738089166,3.212040525056008,2.373123,positive_conformal_anomaly
0.6700062867056119,0.2612638187720978,1.078748754639126,0.633062,uncertain_or_nonelite
0.6279710401306535,0.2192285721971394,1.0367135080641676,0.369359,uncertain_or_nonelite
1.417998945815501,-0.053243729808045,2.889241621439046,2.14373,positive_conformal_anomaly
0.5962321485016773,0.1874896805681631,1.0049746164351914,0.326786,uncertain_or_nonelite
0.732084215698774,0.097176246245439,1.366992185152109,0.617309,uncertain_or_nonelite
2.3898413689687974,0.9185986933452516,3.861084044592343,1.651387,negative_conformal_anomaly
0.3494089485472391,0.1470426175477649,0.5517752795467133,0.220923,uncertain_or_nonelite
1.7224747916147218,0.2512321159911761,3.1937174672382675,1.642491,uncertain_or_nonelite
2.483519582214199,1.0122769065906532,3.9547622578377446,1.848036,negative_conformal_anomaly
0.2439539909734985,0.1374638515721547,0.3504441303748423,0.206937,uncertain_or_nonelite
0.6674259071474695,0.2586834392139554,1.0761683750809836,0.28939,negative_conformal_anomaly
0.5568922355794728,0.1481497676459586,0.9656347035129867,0.567694,uncertain_or_nonelite
0.4102208963995578,0.1613609192876143,0.6590808735115012,0.300568,uncertain_or_nonelite
0.6368110984443345,0.2280686305108203,1.0455535663778486,0.282154,negative_conformal_anomaly
0.3121239706861026,0.1516602709866038,0.4725876703856014,0.347122,uncertain_or_nonelite
0.9289850097582136,0.2940770403048788,1.5638929792115488,0.807931,uncertain_or_nonelite
0.6553890170597668,0.2466465491262527,1.0641314849932808,0.575571,uncertain_or_nonelite
2.1780944781836227,0.706851802560077,3.649337153807168,3.398124,positive_conformal_anomaly
0.9194149684373982,0.2845069989840633,1.554322937890733,0.245071,negative_conformal_anomaly
1.2473009172893,-0.2239417583342458,2.7185435929128454,0.65975,negative_conformal_anomaly
0.2239026808942724,0.1174125414929286,0.3303928202956162,0.190071,uncertain_or_nonelite
0.4027033016169417,0.1538433245049982,0.6515632787288852,0.151687,uncertain_or_nonelite
0.3546481322097276,0.1522818012102534,0.5570144632092019,0.395137,uncertain_or_nonelite
0.4668907837988737,0.16067898558248,0.7731025820152675,0.27441,uncertain_or_nonelite
0.761545176097474,0.126637206644139,1.396453145550809,0.44191,uncertain_or_nonelite
0.5313262852334474,0.2251144870170536,0.8375380834498412,0.613147,uncertain_or_nonelite
0.4313322094828017,0.1824722323708582,0.6801921865947451,0.320361,uncertain_or_nonelite
0.6194961649606502,0.2107536970271361,1.0282386328941642,0.330879,uncertain_or_nonelite
1.898831396933938,0.4275887213103924,3.370074072557484,0.741494,negative_conformal_anomaly
0.5483939186546003,0.1396514507210862,0.9571363865881144,0.247021,uncertain_or_nonelite
0.6143105646105307,0.2055680966770166,1.0230530325440448,0.317687,uncertain_or_nonelite
0.337324860924643,0.1349585299251687,0.5396911919241172,0.203079,uncertain_or_nonelite
0.7098940704204846,0.3011516024869705,1.118636538353999,0.649706,uncertain_or_nonelite
1.0136005916107669,0.3786926221574317,1.6485085610641017,0.819562,uncertain_or_nonelite
0.6929335728557563,0.2841911049222422,1.1016760407892705,0.46083,uncertain_or_nonelite
1.192253105222158,-0.2789895704013876,2.663495780845704,0.524032,negative_conformal_anomaly
0.6599275772751616,0.2511851093416475,1.0686700452086757,0.280898,negative_conformal_anomaly
0.4008393623945596,0.1519793852826161,0.6496993395065032,0.175277,uncertain_or_nonelite
0.3843656115872579,0.1355056344753144,0.6332255886992013,0.278772,uncertain_or_nonelite
0.9595188276043544,0.3246108581510194,1.5944267970576893,0.325022,negative_conformal_anomaly
1.070929146133264,0.436021176679929,1.7058371155865988,0.326086,negative_conformal_anomaly
0.6870401318140642,0.2782976638805501,1.0957825997475783,0.820433,positive_conformal_anomaly
0.3872379228444798,0.1383779457325363,0.6360978999564233,0.19303,uncertain_or_nonelite
0.9095005469364542,0.2745925774831192,1.5444085163897892,0.406756,negative_conformal_anomaly
1.4657994858874503,-0.0054431897360953,2.937042161510996,0.555765,negative_conformal_anomaly
2.0027676822657074,0.5315250066421617,3.474010357889253,1.366723,negative_conformal_anomaly
0.2898145234790424,0.157342834625061,0.4222862123330239,0.392777,uncertain_or_nonelite
1.1661152722499977,-0.305127403373548,2.6373579478735434,2.990661,positive_conformal_anomaly
0.3373506745435338,0.1349843435440596,0.539717005543008,0.251877,uncertain_or_nonelite
0.996053621677648,0.3611456522243129,1.630961591130983,0.439543,negative_conformal_anomaly
0.926178142626516,0.2912701731731809,1.5610861120798507,0.636233,uncertain_or_nonelite
1.9439903332520387,0.472747657628493,3.4152330088755845,2.036501,uncertain_or_nonelite
0.4581883861817186,0.1519765879653248,0.7644001843981123,0.263469,uncertain_or_nonelite
0.3800755371300726,0.1777092061305983,0.5824418681295468,0.21729,uncertain_or_nonelite
1.4498691370098749,-0.0213735386136708,2.921111812633421,1.967204,positive_conformal_anomaly
1.2897796402668578,-0.1814630353566879,2.761022315890404,1.150914,uncertain_or_nonelite
0.3233368410130743,0.1628731413135755,0.4838005407125731,0.239881,uncertain_or_nonelite
0.2296234963104413,0.1231333569090975,0.3361136357117852,0.114694,uncertain_or_nonelite
0.4745762073866411,0.1683644091702473,0.7807880056030347,0.433342,uncertain_or_nonelite
0.6528004062379792,0.2440579383044651,1.0615428741714932,0.74903,uncertain_or_nonelite
0.513022916492758,0.2068111182763642,0.8192347147091517,0.405946,uncertain_or_nonelite
0.2085691929895148,0.102079053588171,0.3150593323908586,0.127144,uncertain_or_nonelite
2.75920562772708,1.287962952103534,4.2304483033506255,3.511574,positive_conformal_anomaly
0.3841270422867603,0.1352670651748168,0.6329870193987037,0.416151,uncertain_or_nonelite
0.2521102352492637,0.1456200958479198,0.3586003746506074,0.255339,uncertain_or_nonelite
0.6827806606927204,0.2740381927592062,1.0915231286262346,0.363572,uncertain_or_nonelite
0.2625115017655567,0.1434732906307811,0.3815497129003322,0.218011,uncertain_or_nonelite
0.6159788878345859,0.2072364199010717,1.0247213557681,0.450383,uncertain_or_nonelite
0.4666748755987191,0.1604630773823254,0.7728866738151128,0.271687,uncertain_or_nonelite
0.6995809888552613,0.2908385209217472,1.1083234567887754,0.366027,uncertain_or_nonelite
1.9547506750590329,0.4835079994354869,3.425993350682578,2.41455,positive_conformal_anomaly
2.296501186490388,0.825258510866842,3.767743862113933,1.972386,uncertain_or_nonelite
0.6659387772681533,0.2571963093346392,1.0746812452016674,0.307364,negative_conformal_anomaly
0.2835491934702881,0.1510775046163067,0.4160208823242695,0.194787,uncertain_or_nonelite
0.8554300794256685,0.2205221099723335,1.4903380488790037,0.549738,uncertain_or_nonelite
0.7149002591651474,0.3061577912316333,1.1236427270986615,0.690288,uncertain_or_nonelite
0.7779954508311919,0.1430874813778569,1.4129034202845268,0.520436,uncertain_or_nonelite
0.2514278653562986,0.1449377259549547,0.3579180047576423,0.19985,uncertain_or_nonelite
0.6326754946836539,0.2239330267501398,1.041417962617168,0.304405,uncertain_or_nonelite
0.6191812069916403,0.2104387390581261,1.0279236749251544,0.200304,negative_conformal_anomaly
0.3006327968557064,0.1401690971562075,0.4610964965552052,0.269286,uncertain_or_nonelite
0.4087106230092986,0.1598506458973551,0.657570600121242,0.168826,uncertain_or_nonelite
0.6590050441326334,0.2502625761991193,1.0677475120661477,0.27449,negative_conformal_anomaly
1.6129050011430794,0.1416623255195337,3.084147676766625,1.065254,negative_conformal_anomaly
0.5227479114826639,0.2165361132662701,0.8289597096990575,0.243406,uncertain_or_nonelite
0.7841457587343101,0.1492377892809752,1.4190537281876452,0.353002,negative_conformal_anomaly
0.5297732127631052,0.2235614145467114,0.8359850109794988,0.290825,uncertain_or_nonelite
0.4756700798250346,0.1694582816086409,0.7818818780414283,0.258894,uncertain_or_nonelite
0.4499715405852705,0.1437597423688768,0.7561833388016643,0.269132,uncertain_or_nonelite
0.6779347547568768,0.2691922868233627,1.086677222690391,0.605315,uncertain_or_nonelite
0.7473359600781058,0.1124279906247708,1.3822439295314406,0.293327,negative_conformal_anomaly
0.6509995888001703,0.2422571208666561,1.0597420567336844,0.290858,negative_conformal_anomaly
0.5968159806852927,0.1880735127517786,1.0055584486188067,0.442682,uncertain_or_nonelite
0.5675919552283907,0.1588494872948765,0.9763344231619048,0.257873,uncertain_or_nonelite
0.8029392251368057,0.1680312556834707,1.4378471945901403,0.361716,negative_conformal_anomaly
1.145383904825117,-0.3258587707984284,2.616626580448663,0.588547,negative_conformal_anomaly
0.3217289112092415,0.1612652115097427,0.4821926109087403,0.224774,uncertain_or_nonelite
1.3214246895517452,-0.1498179860718005,2.7926673651752907,1.362975,uncertain_or_nonelite
1.0587717752839294,0.4238638058305944,1.6936797447372642,0.229143,negative_conformal_anomaly
0.4772005916102407,0.170988793393847,0.7834123898266345,0.225258,uncertain_or_nonelite
0.7873895780877691,0.1524816086344341,1.422297547541104,0.274423,negative_conformal_anomaly
0.3991072096169013,0.1502472325049578,0.6479671867288448,0.14177,uncertain_or_nonelite
0.7265703772935322,0.0916624078401973,1.3614783467468672,0.443779,uncertain_or_nonelite
0.2311264310010723,0.1246362915997285,0.3376165704024162,0.181984,uncertain_or_nonelite
2.584963145683879,1.1137204700603331,4.056205821307424,2.445528,uncertain_or_nonelite
1.9416795551070456,0.4704368794835001,3.4129222307305915,1.75287,uncertain_or_nonelite
0.3718504102791053,0.1694840792796311,0.5742167412785796,0.179142,uncertain_or_nonelite
0.7071968566872948,0.2984543887537807,1.115939324620809,0.413741,uncertain_or_nonelite
0.9311064730882624,0.2961985036349274,1.5660144425415972,0.338526,negative_conformal_anomaly
0.6382253450101557,0.2294828770766416,1.0469678129436697,0.281679,negative_conformal_anomaly
0.7104925710439844,0.3017501031104703,1.1192350389774983,0.36942,uncertain_or_nonelite
0.2884566428938835,0.1559849540399021,0.4209283317478649,0.36886,uncertain_or_nonelite
0.5753840772399482,0.1666416093064341,0.9841265451734624,0.258577,uncertain_or_nonelite
0.51420754361349,0.2079957453970962,0.8204193418298837,0.322948,uncertain_or_nonelite
0.4486238173621729,0.1424120191457791,0.7548356155785666,0.314844,uncertain_or_nonelite
0.3747280389829169,0.1723617079834427,0.5770943699823912,0.235184,uncertain_or_nonelite
0.8679624741889453,0.2330545047356104,1.5028704436422804,0.277168,negative_conformal_anomaly
2.4219746482435687,0.950731972620023,3.8932173238671135,1.083111,negative_conformal_anomaly
0.7162761926647929,0.3075337247312788,1.125018660598307,0.532258,uncertain_or_nonelite
2.1879215044364093,0.7166788288128636,3.659164180059955,1.343992,negative_conformal_anomaly
2.1071201434435207,0.635877467819975,3.5783628190670664,2.614865,positive_conformal_anomaly
2.1966023753809387,0.725359699757393,3.667845051004485,1.206318,negative_conformal_anomaly
1.365971890911569,-0.1052707847119767,2.8372145665351147,1.237983,uncertain_or_nonelite
0.6180311217175817,0.2092886537840675,1.026773589651096,0.303701,uncertain_or_nonelite
2.2268385432688693,0.7555958676453236,3.698081218892415,4.223224,positive_conformal_anomaly
0.684722426870801,0.2759799589372869,1.093464894804315,0.552977,uncertain_or_nonelite
1.018032802400107,0.3831248329467721,1.652940771853442,0.477319,negative_conformal_anomaly
0.4643461977772051,0.1581343995608113,0.7705579959935989,0.252102,uncertain_or_nonelite
0.5905409354947171,0.181798467561203,0.9992834034282312,0.446002,uncertain_or_nonelite
0.2868834431094594,0.154411754255478,0.4193551319634409,0.286911,uncertain_or_nonelite
0.4601037898888445,0.1538919916724508,0.7663155881052383,0.491823,uncertain_or_nonelite
0.2927586888933188,0.1602870000393374,0.4252303777473002,0.211718,uncertain_or_nonelite
0.9084734377630396,0.2735654683097047,1.5433814072163743,0.499863,negative_conformal_anomaly
1.334411917877793,-0.1368307577457528,2.8056545935013384,0.320883,negative_conformal_anomaly
0.5619282226342307,0.1531857547007166,0.9706706905677448,0.298785,uncertain_or_nonelite
2.125869565629756,0.6546268900062095,3.597112241253301,2.041397,uncertain_or_nonelite
0.4922166621567222,0.1860048639403285,0.798428460373116,0.371757,uncertain_or_nonelite
0.5084348161712482,0.2022230179548544,0.8146466143876419,1.034766,positive_conformal_anomaly
0.3137125548645328,0.153248855165034,0.4741762545640317,0.451046,positive_conformal_anomaly
0.7877138020906542,0.1528058326373192,1.422621771543989,0.348819,negative_conformal_anomaly
0.6916729869641504,0.2829305190306362,1.1004154548976643,0.406886,uncertain_or_nonelite
0.6738643665555355,0.2651218986220214,1.0826068344890496,0.302416,negative_conformal_anomaly
0.3606243838721235,0.1582580528726492,0.5629907148715977,0.205144,uncertain_or_nonelite
0.9586106745631812,0.3237027051098463,1.593518644016516,0.634039,uncertain_or_nonelite
0.4068636307316236,0.1580036536196801,0.6557236078435671,0.189463,uncertain_or_nonelite
1.2055474115648368,-0.2656952640587089,2.6767900871883823,1.470934,positive_conformal_anomaly
0.6736272977741135,0.2648848298405993,1.0823697657076274,0.165091,negative_conformal_anomaly
0.5462963202626316,0.1375538523291175,0.9550387881961456,0.196324,uncertain_or_nonelite
0.3104596971972361,0.1499959974977373,0.4709233968967349,0.324662,uncertain_or_nonelite
0.3582997340531166,0.1559334030536423,0.5606660650525909,0.201434,uncertain_or_nonelite
0.5612807156417149,0.1525382477082008,0.970023183575229,0.43253,uncertain_or_nonelite
0.5878984314491303,0.1791559635156162,0.9966408993826444,0.428181,uncertain_or_nonelite
2.173957419282086,0.7027147436585404,3.645200094905632,1.58351,negative_conformal_anomaly
0.9163867936603042,0.2814788242069692,1.5512947631136391,0.464043,negative_conformal_anomaly
0.5329297283028959,0.2267179300865021,0.8391415265192896,0.436834,uncertain_or_nonelite
0.7010952919573412,0.2923528240238271,1.109837759890855,0.343693,negative_conformal_anomaly
1.263252852301067,-0.2079898233224784,2.7344955279246133,1.451241,positive_conformal_anomaly
0.4464224651344781,0.1402106669180844,0.7526342633508718,0.30714,uncertain_or_nonelite
0.8051685207953069,0.1702605513419719,1.4400764902486418,0.18402,negative_conformal_anomaly
0.4459322261374862,0.1970722490255427,0.6947922032494296,0.258387,uncertain_or_nonelite
0.4121930465638596,0.1633330694519161,0.661053023675803,0.289412,uncertain_or_nonelite
0.7092230183281216,0.3004805503946075,1.1179654862616355,0.309753,negative_conformal_anomaly
1.608281034446874,0.1370383588233283,3.07952371007042,0.737076,negative_conformal_anomaly
0.4783441001338976,0.1721323019175039,0.7845558983502914,0.201426,uncertain_or_nonelite
0.6366734708604722,0.2279310029269581,1.0454159387939863,0.711182,uncertain_or_nonelite
0.9080241861983512,0.2731162167450164,1.5429321556516862,0.812534,uncertain_or_nonelite
2.701981629031508,1.2307389534079616,4.173224304655053,4.045721,positive_conformal_anomaly
1.8198305219962327,0.3485878463726874,3.291073197619779,2.708396,positive_conformal_anomaly
0.5467535019740193,0.1380110340405052,0.9554959699075334,0.205677,uncertain_or_nonelite
0.3446025083376204,0.1422361773381461,0.5469688393370946,0.192747,uncertain_or_nonelite
1.061362391098819,0.4264544216454841,1.696270360552154,0.91239,uncertain_or_nonelite
1.624720279153151,0.1534776035296052,3.095962954776697,0.608357,negative_conformal_anomaly
0.679821402810493,0.2710789348769788,1.088563870744007,0.668255,uncertain_or_nonelite
0.7540048222543897,0.1190968528010547,1.3889127917077246,0.770531,uncertain_or_nonelite
1.115118076088455,-0.3561245995350908,2.5863607517120006,0.619907,negative_conformal_anomaly
0.4628756904840531,0.1566638922676594,0.7690874887004469,0.303013,uncertain_or_nonelite
0.4931850831993387,0.1869732849829449,0.7993968814157324,0.104181,negative_conformal_anomaly
0.384421587299762,0.1355616101878185,0.6332815644117055,0.974759,positive_conformal_anomaly
0.2902422715349523,0.1577705826809708,0.4227139603889337,0.283569,uncertain_or_nonelite
0.4827725269875713,0.1765607287711775,0.788984325203965,0.159598,uncertain_or_nonelite
0.2746286711984066,0.1555904600636311,0.3936668823331822,0.177026,uncertain_or_nonelite
0.5869402252986441,0.17819775736513,0.9956826932321582,0.314538,uncertain_or_nonelite
0.7362901680256969,0.1013821985723619,1.371198137479032,1.010662,positive_conformal_anomaly
0.5821696119069446,0.1734271439734305,0.9909120798404588,0.235615,uncertain_or_nonelite
0.6289538133143227,0.2202113453808085,1.0376962812478367,0.293949,uncertain_or_nonelite
0.4388665049484095,0.1900065278364661,0.687726482060353,0.303188,uncertain_or_nonelite
0.3658361546860642,0.1634698236865899,0.5682024856855384,0.236561,uncertain_or_nonelite
0.269370726273482,0.1503325151387064,0.3884089374082575,0.239912,uncertain_or_nonelite
0.4404018983186565,0.1915419212067131,0.6892618754306,1.324272,positive_conformal_anomaly
0.8895286861030837,0.2546207166497487,1.5244366555564186,0.429937,negative_conformal_anomaly
0.3127621834663985,0.1522984837668997,0.4732258831658973,0.228871,uncertain_or_nonelite
0.8516450067633079,0.2167370373099729,1.4865529762166427,0.390068,negative_conformal_anomaly
0.581293209965251,0.1725507420317369,0.9900356778987652,0.193105,negative_conformal_anomaly
0.6205173242497212,0.211774856316207,1.0292597921832352,0.141522,negative_conformal_anomaly
0.2397984328161633,0.1333082934148195,0.3462885722175072,0.166205,uncertain_or_nonelite
0.511958039505226,0.2057462412888323,0.8181698377216198,0.21418,uncertain_or_nonelite
0.6420902599771521,0.2333477920436379,1.0508327279106662,0.430162,uncertain_or_nonelite
0.642506217400088,0.2337637494665738,1.051248685333602,0.352555,uncertain_or_nonelite
2.447436055285711,0.9761933796621652,3.918678730909257,3.122334,positive_conformal_anomaly
2.4540315277623628,0.9827888521388172,3.925274203385909,3.262629,positive_conformal_anomaly
1.034189324595825,0.3992813551424899,1.66909729404916,0.753831,uncertain_or_nonelite
1.813332395454476,0.3420897198309296,3.284575071078021,1.361101,negative_conformal_anomaly
0.2765666987382627,0.1575284876034871,0.3956049098730383,0.288272,uncertain_or_nonelite
0.582068976771161,0.1733265088376469,0.9908114447046752,0.197221,negative_conformal_anomaly
0.2674838228092337,0.1484456116744581,0.3865220339440093,0.34485,uncertain_or_nonelite
1.271625825324741,-0.1996168502988047,2.742868500948287,0.946414,uncertain_or_nonelite
0.999082596226028,0.3641746267726929,1.6339905656793627,0.449757,negative_conformal_anomaly
0.7548989635957609,0.1199909941424259,1.389806933049096,0.38251,negative_conformal_anomaly
0.3749140612418448,0.1725477302423706,0.5772803922413191,0.268303,uncertain_or_nonelite
0.2583067992777701,0.1392685881429945,0.3773450104125456,0.227362,uncertain_or_nonelite
0.6327041357414507,0.2239616678079365,1.0414466036749648,0.651342,uncertain_or_nonelite
2.30295596464334,0.8317132890197936,3.774198640266885,1.538744,negative_conformal_anomaly
0.3658845647374408,0.1635182337379666,0.5682508957369151,0.204152,uncertain_or_nonelite
0.6197978039421151,0.211055336008601,1.0285402718756291,0.231992,negative_conformal_anomaly
0.5535770834600152,0.1448346155265011,0.9623195513935292,0.278475,uncertain_or_nonelite
0.7224156767347187,0.3136732088012046,1.1311581446682328,0.591545,uncertain_or_nonelite
0.6663496776833104,0.2576072097497963,1.0750921456168243,0.499392,uncertain_or_nonelite
0.6775582710860677,0.2688158031525536,1.0863007390195818,0.297101,negative_conformal_anomaly
0.3742040752968549,0.1718377442973807,0.5765704062963292,0.163551,uncertain_or_nonelite
0.5868686137818825,0.1781261458483684,0.9956110817153966,0.67229,uncertain_or_nonelite
0.2344501839111169,0.1279600445097731,0.3409403233124607,0.267112,uncertain_or_nonelite
1.7631381992945747,0.291895523671029,3.2343808749181204,1.707514,uncertain_or_nonelite
1.7415576905556271,0.2703150149320814,3.212800366179173,2.000825,positive_conformal_anomaly
0.6770699100416141,0.2683274421081,1.0858123779751283,0.370626,uncertain_or_nonelite
1.8022636105558567,0.3310209349323114,3.273506286179403,2.913292,positive_conformal_anomaly
0.8831974624514626,0.2482894929981276,1.5181054319047975,0.554495,uncertain_or_nonelite
1.293566890387265,-0.1776757852362807,2.7648095660108107,1.241872,uncertain_or_nonelite
1.5675817264642409,0.0963390508406951,3.0388244020877866,2.080862,positive_conformal_anomaly
0.4494782348728813,0.1432664366564876,0.7556900330892751,0.265476,uncertain_or_nonelite
0.690512017633148,0.2817695496996338,1.0992544855666622,0.931382,positive_conformal_anomaly
0.4016889877368659,0.1528290106249225,0.6505489648488094,0.320958,uncertain_or_nonelite
1.1234396748927802,-0.3478030007307655,2.594682350516326,0.813172,uncertain_or_nonelite
0.9360055572510346,0.3010975877976997,1.5709135267043697,0.716677,uncertain_or_nonelite
0.3597351389152871,0.1573688079158128,0.5621014699147613,0.745842,positive_conformal_anomaly
0.5716763747270998,0.1629339067935856,0.980418842660614,0.135147,negative_conformal_anomaly
1.0457943328642865,0.4108863634109515,1.6807023023176213,0.485828,negative_conformal_anomaly
0.7060459714072748,0.2973035034737606,1.114788439340789,0.474672,uncertain_or_nonelite
0.8898252638479175,0.2549172943945825,1.5247332333012524,0.24921,negative_conformal_anomaly
0.2672572508622201,0.1482190397274445,0.3862954619969956,0.279607,uncertain_or_nonelite
0.2470055955132593,0.1405154561119155,0.353495734914603,0.22484,uncertain_or_nonelite
0.6512365262587075,0.2424940583251934,1.0599789941922215,0.217182,negative_conformal_anomaly
0.9026302643917858,0.2677222949384509,1.537538233845121,0.668782,uncertain_or_nonelite
0.4894483624520602,0.1832365642356665,0.7956601606684539,0.245476,uncertain_or_nonelite
0.2601363524136179,0.1410981412788423,0.3791745635483935,0.27315,uncertain_or_nonelite
0.2415938504861271,0.1351037110847833,0.3480839898874709,0.239184,uncertain_or_nonelite
0.821898717311132,0.186990747857797,1.456806686764467,0.391668,negative_conformal_anomaly
0.5499156828148252,0.141173214881311,0.9586581507483392,1.791615,positive_conformal_anomaly
1.4993114221476964,0.0280687465241507,2.970554097771242,0.191644,negative_conformal_anomaly
0.6582855368042548,0.2495430688707407,1.067028004737769,0.814049,positive_conformal_anomaly
0.6786316500061925,0.2698891820726784,1.0873741179397065,0.826087,positive_conformal_anomaly
0.3305543881930619,0.170090688493563,0.4910180878925607,0.235314,uncertain_or_nonelite
0.3017980463060812,0.1413343466065824,0.46226174600558,0.219119,uncertain_or_nonelite
0.5407317383184439,0.2345199401020501,0.8469435365348377,0.303423,uncertain_or_nonelite
2.5143905033922107,1.043147827768665,3.985633179015757,2.246111,uncertain_or_nonelite
1.0090259955282024,0.3741180260748674,1.6439339649815374,0.314055,negative_conformal_anomaly
0.8963932133319519,0.2614852438786169,1.531301182785287,0.374276,negative_conformal_anomaly
0.6553647821078902,0.246622314174376,1.0641072500414044,0.332726,uncertain_or_nonelite
1.427116746515877,-0.0441259291076687,2.8983594221394227,1.074264,uncertain_or_nonelite
1.0049346995653634,0.3700267301120284,1.6398426690186985,0.960983,uncertain_or_nonelite
0.5425484825885187,0.236336684372125,0.8487602808049124,0.302482,uncertain_or_nonelite
1.957033097151032,0.4857904215274859,3.4282757727745774,3.193208,positive_conformal_anomaly
0.3490342700257164,0.1466679390262421,0.5514006010251906,0.206223,uncertain_or_nonelite
1.6742695391723348,0.203026863548789,3.1455122147958807,1.46552,uncertain_or_nonelite
0.7224207387388818,0.3136782708053677,1.131163206672396,0.383778,uncertain_or_nonelite
0.5226015743969666,0.2163897761805729,0.8288133726133604,0.298554,uncertain_or_nonelite
0.5098156044504033,0.2036038062340096,0.8160274026667971,0.510029,uncertain_or_nonelite
0.6961946302512618,0.2874521623177477,1.104937098184776,0.296631,negative_conformal_anomaly
1.1629656093253424,-0.3082770662982033,2.634208284948888,5.24361,positive_conformal_anomaly
0.7567850487263776,0.1218770792730427,1.3916930181797125,0.29462,negative_conformal_anomaly
1.7176101338658427,0.246367458242297,3.188852809489388,1.885895,positive_conformal_anomaly
0.2992434074616569,0.1667717186076754,0.4317150963156383,0.146427,uncertain_or_nonelite
0.2269663506781168,0.120476211276773,0.3334564900794606,0.141118,uncertain_or_nonelite
1.2560038843821195,-0.2152387912414259,2.727246560005665,1.448247,positive_conformal_anomaly
0.2224453771485197,0.1159552377471759,0.3289355165498635,0.11752,uncertain_or_nonelite
0.4388708461823236,0.1900108690703801,0.687730823294267,0.471376,uncertain_or_nonelite
0.6861933128964199,0.2774508449629058,1.094935780829934,0.49225,uncertain_or_nonelite
0.496079067612118,0.1898672693957243,0.8022908658285117,0.176836,uncertain_or_nonelite
0.3530693862025061,0.1507030552030318,0.5554357172019804,0.291041,uncertain_or_nonelite
0.948218856880285,0.31331088742695,1.5831268263336198,0.385639,negative_conformal_anomaly
0.6040357111611638,0.1952932432276497,1.012778179094678,0.466627,uncertain_or_nonelite
0.9600103987097623,0.3251024292564274,1.5949183681630972,0.384703,negative_conformal_anomaly
0.7328272263136671,0.0979192568603322,1.367735195767002,0.300626,negative_conformal_anomaly
1.429594996041175,-0.0416476795823708,2.9008376716647204,0.541293,negative_conformal_anomaly
0.3541541597376424,0.1517878287381681,0.5565204907371166,0.234937,uncertain_or_nonelite
0.6367673232698557,0.2280248553363416,1.04550979120337,0.287863,uncertain_or_nonelite
0.5586481549670428,0.1499056870335287,0.9673906229005568,0.100536,negative_conformal_anomaly
0.3738054700828199,0.1714391390833457,0.5761718010822942,0.353946,uncertain_or_nonelite
2.0424650000066262,0.5712223243830805,3.513707675630172,1.703984,uncertain_or_nonelite
0.3240188436656537,0.1635551439661549,0.4844825433651525,0.394696,uncertain_or_nonelite
1.9675171896255903,0.4962745140020446,3.438759865249136,1.39509,negative_conformal_anomaly
0.8542802534041989,0.2193722839508639,1.4891882228575335,0.383129,negative_conformal_anomaly
0.2267451747736636,0.1202550353723198,0.3332353141750074,0.223242,uncertain_or_nonelite
0.6800687305039468,0.2713262625704327,1.0888111984374609,0.260409,negative_conformal_anomaly
0.4774610429054487,0.171249244689055,0.7836728411218424,0.300415,uncertain_or_nonelite
0.2771986191399438,0.1447269302859624,0.4096703079939252,0.219162,uncertain_or_nonelite
2.288251101169575,0.8170084255460295,3.759493776793121,3.153001,positive_conformal_anomaly
0.6398647560754895,0.2311222881419754,1.0486072240090036,0.402618,uncertain_or_nonelite
2.577243395791083,1.1060007201675377,4.048486071414629,2.247127,uncertain_or_nonelite
0.7080713604461549,0.2993288925126408,1.116813828379669,0.369872,uncertain_or_nonelite
0.2838650643100767,0.1513933754560953,0.4163367531640581,0.370671,uncertain_or_nonelite
0.320484242599067,0.1600205428995682,0.4809479422985658,0.66233,positive_conformal_anomaly
1.4138272635939162,-0.0574154120296295,2.8850699392174617,1.144491,uncertain_or_nonelite
0.3111337253438523,0.1506700256443535,0.4715974250433511,0.280873,uncertain_or_nonelite
1.009366159571803,0.3744581901184683,1.6442741290251384,2.812206,positive_conformal_anomaly
0.5920902084370139,0.1833477405034997,1.000832676370528,0.256223,uncertain_or_nonelite
0.7233536926206817,0.3146112246871676,1.132096160554196,0.624717,uncertain_or_nonelite
2.1869751666206083,0.7157324909970626,3.658217842244154,3.574701,positive_conformal_anomaly
1.0504033278953522,0.4154953584420172,1.685311297348687,0.391596,negative_conformal_anomaly
0.3391582178977552,0.1367918868982809,0.5415245488972295,0.354401,uncertain_or_nonelite
0.8013071488700858,0.1663991794167508,1.4362151183234206,0.728073,uncertain_or_nonelite
2.511908628527022,1.0406659529034763,3.983151304150568,3.953918,positive_conformal_anomaly
0.569186666905954,0.1604441989724399,0.977929134839468,0.287696,uncertain_or_nonelite
0.2912917910570026,0.1588201022030212,0.423763479910984,0.215967,uncertain_or_nonelite
0.7160302513307386,0.3072877833972245,1.1247727192642527,0.522471,uncertain_or_nonelite
1.278294505142082,-0.1929481704814637,2.7495371807656275,2.100507,positive_conformal_anomaly
0.4264809318871509,0.1776209547752074,0.6753409089990944,0.41657,uncertain_or_nonelite
0.5068700098350525,0.2006582116186587,0.8130818080514461,0.872707,positive_conformal_anomaly
0.3699967803543471,0.1676304493548729,0.5723631113538213,0.325594,uncertain_or_nonelite
2.402182977904468,0.9309403022809222,3.8734256535280136,2.085428,uncertain_or_nonelite
2.3359405186405606,0.8646978430170149,3.8071831942641055,3.281746,positive_conformal_anomaly
0.2112611958283664,0.1047710564270226,0.3177513352297103,0.274014,uncertain_or_nonelite
1.0369918128091815,0.4020838433558468,1.6718997822625168,0.754564,uncertain_or_nonelite
0.7672635307349285,0.1323555612815935,1.4021715001882633,0.824373,uncertain_or_nonelite
1.3231599632901585,-0.1480827123333874,2.794402638913704,1.559472,positive_conformal_anomaly
0.2341160076101685,0.1276258682088247,0.3406061470115124,0.233623,uncertain_or_nonelite
0.5918770666407231,0.183134598707209,1.0006195345742372,0.371631,uncertain_or_nonelite
0.5155095698306009,0.2092977716142072,0.8217213680469946,0.224967,uncertain_or_nonelite
0.314122534294778,0.1536588345952791,0.4745862339942768,0.272968,uncertain_or_nonelite
0.6237080828887278,0.2149656149552137,1.032450550822242,0.308698,uncertain_or_nonelite
1.7343838727334266,0.2631411971098809,3.2056265483569724,1.584708,uncertain_or_nonelite
0.5650662301760214,0.1563237622425073,0.9738086981095356,0.282811,uncertain_or_nonelite
1.1598139064277997,-0.311428769195746,2.6310565820513454,1.121109,uncertain_or_nonelite
0.2301713302528672,0.1236811908515234,0.336661469654211,0.272984,uncertain_or_nonelite
0.6252067717684721,0.2164643038349579,1.033949239701986,0.24041,negative_conformal_anomaly
0.2723840247088179,0.1533458135740423,0.3914222358435935,0.171353,uncertain_or_nonelite
1.2890263164257294,-0.1822163591978163,2.760268992049275,0.514081,negative_conformal_anomaly
0.2990031064136959,0.1665314175597144,0.4314747952676773,0.253468,uncertain_or_nonelite
0.2891925927912804,0.1567209039372989,0.4216642816452618,0.244069,uncertain_or_nonelite
1.3831258569561533,-0.0881168186673924,2.854368532579699,0.313663,negative_conformal_anomaly
0.4465765761246129,0.1403647779082191,0.7527883743410066,0.244441,uncertain_or_nonelite
0.5705048248977431,0.161762356964229,0.9792472928312572,0.214184,negative_conformal_anomaly
0.363468095509481,0.1611017645100067,0.5658344265089552,0.284155,uncertain_or_nonelite
0.3407276730164444,0.1383613420169701,0.5430940040159187,0.1736,uncertain_or_nonelite
1.9218974304237395,0.4506547548001938,3.393140106047285,2.061194,positive_conformal_anomaly
3.135256038467635,1.6640133628440892,4.606498714091181,1.613736,negative_conformal_anomaly
0.5859226027030638,0.1771801347695497,0.994665070636578,0.803209,positive_conformal_anomaly
0.2727484237808627,0.1537102126460871,0.3917866349156382,0.281828,uncertain_or_nonelite
0.2984685000031255,0.1659968111491441,0.4309401888571069,0.187558,uncertain_or_nonelite
1.9488336784848923,0.4775910028613468,3.4200763541084385,0.982734,negative_conformal_anomaly
0.5898171941970809,0.1810747262635668,0.998559662130595,0.35365,uncertain_or_nonelite
0.2840776820759038,0.1516059932219223,0.4165493709298852,0.216428,uncertain_or_nonelite
2.591902201111055,1.1206595254875094,4.063144876734601,0.79327,negative_conformal_anomaly
0.3507735573108066,0.1484072263113324,0.5531398883102809,0.23826,uncertain_or_nonelite
0.6729068806360231,0.264164412702509,1.081649348569537,0.199517,negative_conformal_anomaly
0.861391487886463,0.226483518433128,1.496299457339798,0.535086,uncertain_or_nonelite
1.097037803736581,-0.3742048718869646,2.568280479360127,0.828566,uncertain_or_nonelite
0.120048472686666,0.0135583332853222,0.2265386120880098,0.0,uncertain_or_nonelite
1.302105140637695,-0.1691375349858508,2.7733478162612406,0.746567,negative_conformal_anomaly
0.6905796676421554,0.2818371997086413,1.0993221355756695,0.505707,uncertain_or_nonelite
0.682622417289577,0.2738799493560628,1.091364885223091,0.945725,positive_conformal_anomaly
0.2884656365170478,0.1559939476630664,0.4209373253710292,0.220619,uncertain_or_nonelite
2.653526864774439,1.1822841891508933,4.124769540397985,1.71486,negative_conformal_anomaly
0.375606058284096,0.1732397272846217,0.5779723892835702,0.537358,positive_conformal_anomaly
0.929790647703474,0.2948826782501389,1.5646986171568087,0.990183,uncertain_or_nonelite
0.9599985740521222,0.3250906045987872,1.594906543505457,0.327019,negative_conformal_anomaly
1.9818450829655727,0.5106024073420277,3.453087758589119,1.446365,negative_conformal_anomaly
1.4714930396322627,0.000250364008717,2.942735715255808,0.793493,negative_conformal_anomaly
0.5009655030744067,0.1947537048580129,0.8071773012908003,0.326552,uncertain_or_nonelite
0.2422029637398011,0.1357128243384573,0.348693103141145,0.168145,uncertain_or_nonelite
0.942901587116286,0.3079936176629511,1.5778095565696209,1.004316,uncertain_or_nonelite
0.6066177666195742,0.1978752986860601,1.0153602345530883,0.571953,uncertain_or_nonelite
0.6615976553466564,0.2528551874131423,1.0703401232801704,0.459748,uncertain_or_nonelite
0.9120925660224868,0.2771845965691517,1.5470005354758216,0.608673,uncertain_or_nonelite
2.040633501565943,0.5693908259423974,3.511876177189489,1.123632,negative_conformal_anomaly
0.4577973430905513,0.1515855448741576,0.764009141306945,0.219373,uncertain_or_nonelite
0.3817612311736186,0.1793949001741443,0.5841275621730928,0.180477,uncertain_or_nonelite
0.9425849263077256,0.3076769568543908,1.5774928957610608,0.216152,negative_conformal_anomaly
0.5163857404887586,0.2101739422723649,0.8225975387051523,0.175133,uncertain_or_nonelite
3.211597874732827,1.7403551991092812,4.682840550356373,2.782024,negative_conformal_anomaly
0.4338099876726097,0.1849500105606663,0.6826699647845532,0.187423,uncertain_or_nonelite
0.8184932212911352,0.1835852518378002,1.4534011907444702,0.509437,uncertain_or_nonelite
2.596713072027095,1.125470396403549,4.0679557476506405,2.151872,negative_conformal_anomaly
0.3349752870399071,0.1326089560404328,0.5373416180393813,0.255768,uncertain_or_nonelite
0.3664366347941035,0.1640703037946292,0.5688029657935777,0.232165,uncertain_or_nonelite
0.7338286065882377,0.0989206371349027,1.3687365760415726,0.567724,uncertain_or_nonelite
1.9903210818418,0.5190784062182536,3.461563757465345,2.969229,positive_conformal_anomaly
0.3555394466410115,0.1531731156415373,0.5579057776404858,0.337923,uncertain_or_nonelite
0.5655257165866556,0.1567832486531415,0.9742681845201696,0.311239,uncertain_or_nonelite
0.3359573437457754,0.1335910127463012,0.5383236747452497,0.191003,uncertain_or_nonelite
0.238633778205055,0.1321436388037112,0.3451239176063988,0.302623,uncertain_or_nonelite
0.2762013160201697,0.1571631048853941,0.3952395271549452,0.194917,uncertain_or_nonelite
1.7934401346417723,0.3221974590182266,3.264682810265318,1.215736,negative_conformal_anomaly
0.2867451813598462,0.1542734925058648,0.4192168702138276,0.167467,uncertain_or_nonelite
0.3201034326996438,0.159639733000145,0.4805671323991426,0.170565,uncertain_or_nonelite
2.2029041899962323,0.7316615143726866,3.674146865619778,1.12198,negative_conformal_anomaly
0.7551465022940949,0.1202385328407599,1.3900544717474297,0.254186,negative_conformal_anomaly
0.8213738763982976,0.1864659069449626,1.4562818458516325,0.281127,negative_conformal_anomaly
0.7802983464657853,0.1453903770124504,1.4152063159191202,0.506391,uncertain_or_nonelite
0.7304444779915517,0.0955365085382167,1.3653524474448866,0.333335,negative_conformal_anomaly
0.3970111850201155,0.1481512079081721,0.645871162132059,0.368878,uncertain_or_nonelite
0.72451352097233,0.089605551518995,1.359421490425665,0.358242,negative_conformal_anomaly
1.3287907589043408,-0.1424519167192048,2.8000334345278866,1.134217,uncertain_or_nonelite
0.5913449899162201,0.182602521982706,1.0000874578497343,0.310815,uncertain_or_nonelite
1.1017186761041586,-0.3695239995193871,2.572961351727704,0.368093,negative_conformal_anomaly
0.7243345901634684,0.0894266207101334,1.3592425596168032,0.378813,uncertain_or_nonelite
0.4800972516803053,0.1738854534639116,0.7863090498966991,0.398966,uncertain_or_nonelite
0.4674223455140455,0.1612105472976518,0.7736341437304393,0.201736,uncertain_or_nonelite
2.394201230739565,0.9229585551160198,3.865443906363111,1.759813,negative_conformal_anomaly
0.3029453790202824,0.1424816793207836,0.4634090787197812,0.26381,uncertain_or_nonelite
2.057922682235075,0.5866800066115294,3.529165357858621,2.46709,positive_conformal_anomaly
0.4896187166180732,0.1834069184016795,0.795830514834467,0.389442,uncertain_or_nonelite
0.4354388291462444,0.1865788520343009,0.6842988062581878,0.23355,uncertain_or_nonelite
0.5200968840814291,0.2138850858650353,0.8263086822978227,0.221949,uncertain_or_nonelite
0.3028865760595995,0.1424228763601007,0.4633502757590983,0.207467,uncertain_or_nonelite
0.4052556408129439,0.1563956637010005,0.6541156179248875,0.523923,positive_conformal_anomaly
0.5061282394613618,0.199916441244968,0.8123400376777554,0.304391,uncertain_or_nonelite
0.2739275198614718,0.1548893087266962,0.3929657309962473,0.242372,uncertain_or_nonelite
2.055872411694996,0.5846297360714505,3.527115087318542,1.380338,negative_conformal_anomaly
1.0983545499184346,-0.3728881257051111,2.569597225541981,0.586526,negative_conformal_anomaly
0.3548176326333213,0.1524513016338471,0.5571839636327955,0.277355,uncertain_or_nonelite
1.0984210243142305,-0.3728216513093154,2.569663699937776,0.334429,negative_conformal_anomaly
0.3731418662621023,0.170775535262628,0.5755081972615765,0.152839,uncertain_or_nonelite
0.3117463368551115,0.1512826371556127,0.4722100365546103,0.284282,uncertain_or_nonelite
0.7615561596706842,0.1266481902173493,1.3964641291240192,0.718133,uncertain_or_nonelite
0.9291189346547784,0.2942109652014434,1.5640269041081134,0.750061,uncertain_or_nonelite
0.2279313663998118,0.121441226998468,0.3344215058011556,0.271068,uncertain_or_nonelite
1.217374689861011,-0.2538679857625348,2.6886173654845567,0.849196,negative_conformal_anomaly
0.4089921183022135,0.16013214119027,0.657852095414157,0.205712,uncertain_or_nonelite
1.740905515468666,0.2696628398451204,3.212148191092212,0.618628,negative_conformal_anomaly
0.6001385681384821,0.191396100204968,1.0088810360719962,0.182395,negative_conformal_anomaly
0.5922468377643968,0.1835043698308827,1.000989305697911,0.368015,uncertain_or_nonelite
0.6920993393014142,0.2833568713679001,1.1008418072349282,0.392012,uncertain_or_nonelite
0.4607355170880263,0.1545237188716325,0.76694731530442,0.582298,positive_conformal_anomaly
0.7228540267160787,0.3141115587825646,1.1315964946495929,0.719656,uncertain_or_nonelite
0.3755848480265369,0.1732185170270626,0.5779511790260111,0.222577,uncertain_or_nonelite
0.8195441150389116,0.1846361455855766,1.4544520844922464,0.580229,uncertain_or_nonelite
1.4857293900299615,0.014486714406416,2.9569720656535075,0.820439,negative_conformal_anomaly
0.7601353626096878,0.1252273931563529,1.395043332063023,0.456854,uncertain_or_nonelite
1.2510269062351145,-0.2202157693884314,2.72226958185866,0.244493,negative_conformal_anomaly
0.4524296959071082,0.1462178976907144,0.7586414941235019,0.169669,uncertain_or_nonelite
0.4210064730195635,0.1721464959076201,0.669866450131507,0.15998,uncertain_or_nonelite
0.5244896769203479,0.2182778787039541,0.8307014751367416,0.527574,uncertain_or_nonelite
0.4741721555093113,0.1679603572929175,0.780383953725705,0.281038,uncertain_or_nonelite
0.2735311201489904,0.1544929090142149,0.392569331283766,0.195741,uncertain_or_nonelite
0.3368537984234177,0.1344874674239435,0.539220129422892,0.19655,uncertain_or_nonelite
0.5499846711969802,0.1412422032634661,0.9587271391304945,0.408732,uncertain_or_nonelite
0.6732965605802078,0.2645540926466937,1.082039028513722,0.636711,uncertain_or_nonelite
0.382239441344767,0.1798731103452927,0.5846057723442413,0.187017,uncertain_or_nonelite
0.9375861022566664,0.3026781328033315,1.572494071710001,0.128946,negative_conformal_anomaly
0.6794619581927583,0.2707194902592442,1.0882044261262724,0.2322,negative_conformal_anomaly
0.6056626815670503,0.1969202136335361,1.0144051495005644,0.250317,negative_conformal_anomaly
1.1223018080043197,-0.348940867619226,2.5935444836278654,0.180809,negative_conformal_anomaly
1.860394255126281,0.3891515795027358,3.331636930749827,1.535182,uncertain_or_nonelite
1.268240847655271,-0.2030018279682748,2.7394835232788166,0.569845,negative_conformal_anomaly
0.430247922073047,0.1813879449611035,0.6791078991849905,0.1872,uncertain_or_nonelite
0.7866981149123383,0.1517901454590033,1.4216060843656733,0.750413,uncertain_or_nonelite
0.8709600033463136,0.2360520338929786,1.505867972799649,1.113359,positive_conformal_anomaly
0.7104833353213386,0.3017408673878244,1.1192258032548523,0.565121,uncertain_or_nonelite
0.8779771462934655,0.2430691768401305,1.5128851157468004,0.549917,uncertain_or_nonelite
0.6084214977684945,0.1996790298349804,1.0171639657020086,0.3357,uncertain_or_nonelite
0.9003642851035855,0.2654563156502505,1.5352722545569204,1.522692,positive_conformal_anomaly
0.4809803605798562,0.1747685623634625,0.78719215879625,0.208739,uncertain_or_nonelite
2.133274727561051,0.6620320519375054,3.604517403184597,1.216223,negative_conformal_anomaly
1.7522222928922833,0.2809796172687375,3.223464968515829,1.800888,uncertain_or_nonelite
0.297693398906388,0.1652217100524066,0.4301650877603694,0.327963,uncertain_or_nonelite
0.8904959190561339,0.2555879496027989,1.525403888509469,0.399968,negative_conformal_anomaly
0.6934948769867775,0.2847524090532634,1.1022373449202916,0.233235,negative_conformal_anomaly
0.3439254614840746,0.1415591304846004,0.5462917924835489,0.328021,uncertain_or_nonelite
0.3197441313978812,0.1592804316983824,0.48020783109738,0.274656,uncertain_or_nonelite
0.5096532117494055,0.2034414135330117,0.8158650099657991,0.296275,uncertain_or_nonelite
0.4241735728895214,0.175313595777578,0.6730335500014649,0.585033,positive_conformal_anomaly
1.9299967922015024,0.4587541165779567,3.4012394678250484,0.413027,negative_conformal_anomaly
1.4300288714143583,-0.0412138042091871,2.901271547037904,0.769092,negative_conformal_anomaly
0.6516322366255077,0.2428897686919936,1.0603747045590215,0.453882,uncertain_or_nonelite
0.7325005871074041,0.0975926176540691,1.367408556560739,0.936959,positive_conformal_anomaly
0.4957988046393365,0.1895870064229428,0.8020106028557302,0.585627,uncertain_or_nonelite
1.0744596208823278,0.4395516514289929,1.7093675903356629,0.856216,uncertain_or_nonelite
0.6523727226136827,0.2436302546801686,1.0611151905471967,0.326673,uncertain_or_nonelite
0.3780179088996878,0.1756515779002135,0.580384239899162,0.372791,uncertain_or_nonelite
0.4409687809729246,0.1921088038609811,0.6898287580848681,0.298605,uncertain_or_nonelite
0.5644295176846568,0.1556870497511426,0.9731719856181708,0.247618,uncertain_or_nonelite
1.045866985848575,0.41095901639524,1.68077495530191,0.422396,negative_conformal_anomaly
0.2888863526519701,0.1564146637979887,0.4213580415059516,0.236008,uncertain_or_nonelite
2.569059999080399,1.0978173234568531,4.040302674703945,3.525573,positive_conformal_anomaly
0.6173182684411762,0.2085758005076621,1.0260607363746903,0.523705,uncertain_or_nonelite
2.761434874950848,1.290192199327302,4.232677550574394,3.295985,positive_conformal_anomaly
0.679501192218194,0.2707587242846799,1.0882436601517085,0.461166,uncertain_or_nonelite
0.8895298035364888,0.2546218340831538,1.5244377729898235,0.311626,negative_conformal_anomaly
1.4387891510092563,-0.0324535246142891,2.9100318266328022,1.307553,uncertain_or_nonelite
1.3094422803321233,-0.1618003952914224,2.780684955955669,0.644294,negative_conformal_anomaly
1.643695128791332,0.1724524531677862,3.1149378044148777,1.082511,negative_conformal_anomaly
0.8311052273541029,0.1961972579007679,1.4660131968074377,1.135545,positive_conformal_anomaly
0.5899574057314525,0.1812149377979384,0.9986998736649666,0.299222,uncertain_or_nonelite
2.363484200223468,0.8922415245999225,3.834726875847014,2.766033,positive_conformal_anomaly
0.3507833647938606,0.1484170337943863,0.5531496957933348,0.255676,uncertain_or_nonelite
0.9406859065552988,0.3057779371019639,1.5755938760086337,0.336463,negative_conformal_anomaly
0.310498630862307,0.1500349311628082,0.4709623305618058,0.304361,uncertain_or_nonelite
0.7038056601003143,0.2950631921668002,1.1125481280338283,0.292231,negative_conformal_anomaly
0.5226402204297721,0.2164284222133783,0.8288520186461659,0.297415,uncertain_or_nonelite
0.6784250063999219,0.2696825384664078,1.087167474333436,0.513338,uncertain_or_nonelite
0.5771450069205815,0.1684025389870673,0.9858874748540956,0.415985,uncertain_or_nonelite
1.1277436797488014,-0.3434989958747443,2.598986355372347,0.8887,uncertain_or_nonelite
0.2552333545478403,0.1361951434130648,0.3742715656826159,0.180575,uncertain_or_nonelite
1.7605211063232364,0.2892784306996907,3.231763781946782,1.833845,uncertain_or_nonelite
0.4812734020193974,0.1750616038030037,0.7874852002357912,0.314513,uncertain_or_nonelite
0.7377002453171168,0.1027922758637818,1.3726082147704517,0.379139,negative_conformal_anomaly
0.3969488398061228,0.1480888626941793,0.6458088169180662,0.70654,positive_conformal_anomaly
0.6498164588867803,0.2410739909532662,1.0585589268202944,0.667526,uncertain_or_nonelite
0.8550773118622319,0.2201693424088969,1.4899852813155667,0.243607,negative_conformal_anomaly
0.7125249562537637,0.3037824883202495,1.1212674241872778,0.603532,uncertain_or_nonelite
0.3462700821446934,0.1439037511452191,0.5486364131441677,0.186713,uncertain_or_nonelite
1.7187788837350442,0.2475362081114984,3.19002155935859,1.439664,uncertain_or_nonelite
0.5113617790451551,0.2051499808287614,0.8175735772615489,0.309373,uncertain_or_nonelite
0.3957584687550715,0.146898491643128,0.644618445867015,0.252995,uncertain_or_nonelite
0.6127516964055715,0.2040092284720573,1.0214941643390856,0.221422,negative_conformal_anomaly
2.2499314389651355,0.7786887633415898,3.721174114588681,1.206466,negative_conformal_anomaly
0.3944297651974484,0.1455697880855049,0.6432897423093918,0.254959,uncertain_or_nonelite
0.8303017911769943,0.1953938217236593,1.4652097606303291,0.27556,negative_conformal_anomaly
2.319649398836312,0.8484067232127663,3.7908920744598578,0.785729,negative_conformal_anomaly
0.4256524816787663,0.1767925045668228,0.6745124587907098,0.28891,uncertain_or_nonelite
0.4330852166545754,0.1842252395426319,0.6819451937665189,0.227369,uncertain_or_nonelite
0.2773237746038067,0.1448520857498252,0.4097954634577881,0.213984,uncertain_or_nonelite
0.6862281739629357,0.2774857060294216,1.0949706418964498,0.41174,uncertain_or_nonelite
0.963172961222701,0.3282649917693661,1.598080930676036,0.511499,negative_conformal_anomaly
0.8095062296011897,0.1745982601478547,1.4444141990545245,0.31914,negative_conformal_anomaly
0.7668231899145984,0.1319152204612634,1.4017311593679334,0.359241,negative_conformal_anomaly
0.4754144554034374,0.1692026571870437,0.7816262536198311,0.313044,uncertain_or_nonelite
1.1865398426223377,-0.2847028330012082,2.657782518245883,1.489367,positive_conformal_anomaly
0.6735014922007695,0.2647590242672554,1.0822439601342837,0.504792,uncertain_or_nonelite
0.2098211577460612,0.1033310183447174,0.3163112971474051,0.129008,uncertain_or_nonelite
1.209617654570557,-0.2616250210529887,2.6808603301941027,0.588316,negative_conformal_anomaly
0.2375159967859768,0.131025857384633,0.3440061361873207,0.249919,uncertain_or_nonelite
0.3193369114077295,0.1588732117082307,0.4798006111072283,0.264032,uncertain_or_nonelite
0.3054511732961886,0.1449874735966898,0.4659148729956874,0.165192,uncertain_or_nonelite
0.6760926511466252,0.2673501832131111,1.0848351190801393,0.457311,uncertain_or_nonelite
0.8457963048533144,0.2108883353999794,1.4807042743066492,0.387649,negative_conformal_anomaly
2.789840356530961,1.3185976809074154,4.261083032154507,2.594528,possible_elite
0.7050307372848981,0.2962882693513839,1.1137732052184122,0.279845,negative_conformal_anomaly
0.2772730353159043,0.1448013464619229,0.4097447241698857,1.614081,positive_conformal_anomaly
0.9356442515468814,0.3007362820935464,1.5705522210002163,0.37082,negative_conformal_anomaly
2.656521729682429,1.1852790540588831,4.127764405305975,1.23328,negative_conformal_anomaly
0.5525055440021751,0.143763076068661,0.9612480119356892,0.242015,uncertain_or_nonelite
0.5622806871834656,0.1535382192499514,0.9710231551169796,0.187006,negative_conformal_anomaly
0.5021914592921675,0.1959796610757737,0.8084032575085611,0.363206,uncertain_or_nonelite
0.3209792084201398,0.160515508720641,0.4814429081196386,0.362114,uncertain_or_nonelite
0.7637274374531577,0.1288194679998228,1.3986354069064926,0.454866,uncertain_or_nonelite
0.6138576184454302,0.2051151505119161,1.0226000863789442,0.235668,negative_conformal_anomaly
1.2689223623874175,-0.2023203132361282,2.7401650380109634,1.12694,uncertain_or_nonelite
0.3417807874295356,0.1394144564300613,0.5441471184290099,0.167986,uncertain_or_nonelite
0.2809753217932714,0.14850363293929,0.4134470106472528,0.226914,uncertain_or_nonelite
0.5013109650945561,0.1950991668781623,0.8075227633109499,0.321177,uncertain_or_nonelite
0.5133878493923579,0.2071760511759642,0.8195996476087517,0.212065,uncertain_or_nonelite
0.5879873477668853,0.1792448798333712,0.9967298157003994,0.438422,uncertain_or_nonelite
0.6625461675492617,0.2538036996157475,1.0712886354827758,1.35615,positive_conformal_anomaly
0.2843006970002179,0.1518290081462365,0.4167723858541993,0.421445,positive_conformal_anomaly
0.552823908764507,0.1440814408309929,0.9615663766980213,1.574406,positive_conformal_anomaly
2.109656005092213,0.6384133294686674,3.580898680715759,2.801768,positive_conformal_anomaly
1.120322431373466,-0.3509202442500796,2.591565106997012,0.547556,negative_conformal_anomaly
1.524316558352315,0.0530738827287693,2.995559233975861,1.392442,uncertain_or_nonelite
0.3663431266854981,0.1639767956860238,0.5687094576849724,0.241466,uncertain_or_nonelite
3.159648626302574,1.6884059506790283,4.63089130192612,2.366994,negative_conformal_anomaly
0.2807206663316565,0.148248977477675,0.4131923551856379,0.132033,uncertain_or_nonelite
1.479735797297598,0.0084931216740522,2.950978472921144,0.654318,negative_conformal_anomaly
0.3651754379148458,0.1628091069153716,0.5675417689143201,0.323582,uncertain_or_nonelite
2.083569999514377,0.6123273238908311,3.5548126751379225,4.529737,positive_conformal_anomaly
0.772979534038824,0.138071564585489,1.407887503492159,0.467618,uncertain_or_nonelite
0.6801034971504217,0.2713610292169076,1.088845965083936,0.316198,negative_conformal_anomaly
0.2906084586947283,0.1581367698407468,0.4230801475487097,0.268796,uncertain_or_nonelite
0.4716183298545995,0.1654065316382058,0.7778301280709932,0.11521,negative_conformal_anomaly
0.7277499022151244,0.0928419327617894,1.3626578716684592,0.18096,negative_conformal_anomaly
0.3606063122855286,0.1582399812860544,0.5629726432850028,0.136354,uncertain_or_nonelite
0.936460794111239,0.301552824657904,1.571368763564574,0.457231,negative_conformal_anomaly
1.6170350772211062,0.1457924015975604,3.088277752844652,1.523364,uncertain_or_nonelite
0.266613165461356,0.1475749543265805,0.3856513765961316,0.245987,uncertain_or_nonelite
3.702325123571408,2.231082447947862,5.173567799194954,6.807007,positive_conformal_anomaly
0.2127801214704253,0.1062899820690815,0.3192702608717692,0.137629,uncertain_or_nonelite
2.306364971851776,0.8351222962282296,3.777607647475321,1.42695,negative_conformal_anomaly
0.4949073292711923,0.1886955310547986,0.8011191274875861,1.82856,positive_conformal_anomaly
0.9632274917790454,0.3283195223257105,1.5981354612323804,0.911816,uncertain_or_nonelite
0.9407499470084252,0.3058419775550901,1.57565791646176,0.452603,negative_conformal_anomaly
0.6710571620793495,0.2623146941458354,1.0797996300128636,0.298797,negative_conformal_anomaly
0.4636330188832295,0.1574212206668358,0.7698448170996233,0.294007,uncertain_or_nonelite
2.0613893752380053,0.5901466996144595,3.532632050861551,0.727032,negative_conformal_anomaly
0.5517982285319218,0.1430557605984077,0.960540696465436,0.21739,uncertain_or_nonelite
0.458522374875573,0.1523105766591793,0.7647341730919668,0.211669,uncertain_or_nonelite
0.3892324559176202,0.1403724788056767,0.6380924330295636,0.348349,uncertain_or_nonelite
0.5862568825019009,0.1775144145683868,0.994999350435415,0.274705,uncertain_or_nonelite
0.3393291515561373,0.1369628205566631,0.5416954825556116,0.348527,uncertain_or_nonelite
1.7625937372650398,0.291351061641494,3.2338364128885857,1.527372,uncertain_or_nonelite
0.6480410677425993,0.2392985998090852,1.0567835356761135,0.388002,uncertain_or_nonelite
0.8617249273977841,0.2268169579444491,1.496632896851119,1.074472,positive_conformal_anomaly
0.5532699823519516,0.1445275144184374,0.9620124502854656,0.266859,uncertain_or_nonelite
1.76847573610886,0.2972330604853144,3.239718411732406,1.710877,uncertain_or_nonelite
0.3160982167250224,0.1556345170255236,0.4765619164245212,0.136896,uncertain_or_nonelite
0.6430385257236779,0.2342960577901638,1.051780993657192,0.500425,uncertain_or_nonelite
1.0237296794515625,0.3888217099982275,1.6586376489048975,1.238172,positive_conformal_anomaly
0.3247821669602041,0.1643184672607053,0.4852458666597029,0.210467,uncertain_or_nonelite
0.3363564122955996,0.1339900812961254,0.5387227432950739,0.514403,positive_conformal_anomaly
1.2244969942704818,-0.2467456813530639,2.6957396698940275,0.416949,negative_conformal_anomaly
0.3750983126051863,0.1727319816057121,0.5774646436046605,0.47094,uncertain_or_nonelite
0.651109696427157,0.2423672284936429,1.059852164360671,0.463205,uncertain_or_nonelite
0.5975217162960976,0.1887792483625835,1.0062641842296118,0.572265,uncertain_or_nonelite
0.4949987174927816,0.1887869192763879,0.8012105157091753,0.272735,uncertain_or_nonelite
0.7692905679510059,0.1343825984976709,1.4041985374043409,0.718254,uncertain_or_nonelite
0.4410015863529447,0.1921416092410012,0.6898615634648881,0.26094,uncertain_or_nonelite
