descriptor,descriptor_slug,quintile,quintile_label,range,n,n_positive_surprise,positive_surprise_rate,mean_descriptor_value,median_descriptor_value
AVAf,avaf,1,Q1,"(-0.001, 0.183]",1461,403,0.2758384668035592,0.0753037645448323,0.0712
AVAf,avaf,2,Q2,"(0.183, 0.296]",1461,120,0.082135523613963,0.2466574674880219,0.24882
AVAf,avaf,3,Q3,"(0.296, 0.397]",1461,105,0.0718685831622176,0.3412653388090349,0.33932
AVAf,avaf,4,Q4,"(0.397, 0.52]",1461,82,0.056125941136208,0.4595452840520191,0.4602
AVAf,avaf,5,Q5,"(0.52, 0.868]",1461,59,0.0403832991101984,0.6218984941820671,0.60196
ASA,asa,1,Q1,"(-0.001, 877.477]",1461,387,0.2648870636550308,383.05329028062965,410.207
ASA,asa,2,Q2,"(877.477, 1717.206]",1461,146,0.0999315537303217,1273.1037508555785,1228.32
ASA,asa,3,Q3,"(1717.206, 2378.558]",1461,117,0.0800821355236139,2031.4801232032853,2035.35
ASA,asa,4,Q4,"(2378.558, 3530.306]",1461,80,0.054757015742642,2977.1944421629023,2966.58
ASA,asa,5,Q5,"(3530.306, 8235.21]",1461,39,0.0266940451745379,4401.639630390144,4212.17
AVA,ava,1,Q1,"(-0.001, 915.863]",1461,394,0.2696783025325119,295.60036026694047,195.063
AVA,ava,2,Q2,"(915.863, 2447.174]",1461,139,0.0951403148528405,1642.7505263518135,1597.64
AVA,ava,3,Q3,"(2447.174, 4562.844]",1461,109,0.0746064339493497,3391.493798767967,3380.69
AVA,ava,4,Q4,"(4562.844, 9261.254]",1461,73,0.0499657768651608,6706.472114989733,6548.65
AVA,ava,5,Q5,"(9261.254, 76390.4]",1461,54,0.0369609856262833,16497.04594113621,13340.3
Density,density,1,Q1,"(0.0939, 0.365]",1461,62,0.0424366872005475,0.2790546743326488,0.291246
Density,density,2,Q2,"(0.365, 0.519]",1461,83,0.0568104038329911,0.4379694565366188,0.436315
Density,density,3,Q3,"(0.519, 0.656]",1461,110,0.0752908966461327,0.5882574010951404,0.590265
Density,density,4,Q4,"(0.656, 0.865]",1461,153,0.1047227926078028,0.7471244031485285,0.741527
Density,density,5,Q5,"(0.865, 2.218]",1461,361,0.2470910335386721,1.15362963449692,1.0743
