,model_name,split_type,rmse,coverage,width
0,hgb,chemistry_cluster_grouped,0.6907207700948913,0.9591769067118768,3.120122406183515
1,hgb,random,0.599419594714761,0.94965338995368,2.423719269831281
2,hgb,topology_grouped,0.7895931436482267,0.9489566288717728,3.6056150775018287
3,rf,chemistry_cluster_grouped,0.6552059846928667,0.9590979744864347,2.977755650516101
4,rf,random,0.5638092805705082,0.949772823497444,2.302480733857517
5,rf,topology_grouped,0.7314209752306912,0.9525242727708816,3.4763048819782942
6,ridge,chemistry_cluster_grouped,0.8270908149331189,0.9515235866126228,3.5010004510532515
7,ridge,random,0.7835668878053913,0.9495794549027786,3.180789401388796
8,ridge,topology_grouped,0.8198206714238715,0.9615964640082012,3.838174572722717
