display_id,residual,p_negative_surprise
DB15-cds_N29_E173_opt,-2.4788303848967765,7.790740704672496e-05
DB15-cds_N87_E131_opt,-2.296672280289074,0.0001558148140934
DB5-hypotheticalMOF_7000881_0_0_4_20_9_4,-2.105766755485741,0.0003895370352336
DB5-hypotheticalMOF_1003193_0_0_4_17_9_1,-2.0987379064227234,0.0004090138869953
DB15-cds_N87_E185_opt,-2.0663744105707016,0.000486921294042
DB15-cdl_N29_E173_opt,-2.0598791126338547,0.0005063981458037
DB12-HEGCEB_clean,-2.0457317504021724,0.0005258749975653
DB7-ddmof_5821,-1.9846661337337383,0.0006622129598971
DB12-KAHNOX_freeONLY,-1.9739162121160645,0.0006622129598971
DB7-ddmof_3330,-1.9233414526764647,0.0008569814775139
DB12-ILOSOS_clean,-1.798632201111055,0.0010907036986541
DB15-cdl_N29_E182_opt,-1.7631991531252145,0.0011101805504158
DB13-cds-Syn027477,-1.7608003241951755,0.0011101805504158
DB12-OTATOT_clean,-1.7321189369398693,0.0012659953645092
DB15-qdl_N29_E70_opt,-1.7280325763876243,0.0012854722162709
DB12-ILOSOS_freeONLY,-1.7046006038888328,0.0013633796233176
DB15-cds_N29_E204_opt,-1.6926523323555809,0.0014412870303644
DB7-ddmof_6878,-1.6905806624428303,0.0014412870303644
DB12-XUMCAK_clean,-1.6793908886248423,0.0014997175856494
DB7-ddmof_5389,-1.6668962751390195,0.0015386712891728
DB12-HGCNCO_clean,-1.6523424338791806,0.0016165786962195
DB12-UZUNAF01_clean,-1.6380834166881693,0.0016750092515045
DB12-LOXWEC_clean,-1.602937349862599,0.0019282083244064
DB13-cds-Syn028776,-1.5810591703888832,0.0020450694349765
DB12-UZUNAF_clean,-1.580865080484512,0.0020450694349765
DB12-UZUNAF01_freeONLY,-1.5724114731069647,0.0021034999902615
DB1-Cu2O8-ADC_A-irmof8_A_No108,-1.568025880308172,0.0021034999902615
DB12-LULHUW_clean,-1.5447965145655649,0.0022398379525933
DB13-cds-Syn023861,-1.5438857508025636,0.0022398379525933
DB12-RIPKIM01_clean,-1.5432256887557625,0.0022398379525933
DB1-Cu2O8N2-irmof6_A-TED_A_No8,-1.533920398836312,0.0022787916561167
DB12-LOXWEC_freeONLY,-1.5317914974723457,0.00231774535964
DB12-RIPKIM_clean,-1.5258902267148085,0.0023956527666867
DB7-ddmof_4151,-1.5226187072320867,0.0023956527666867
DB12-LULJAE_clean,-1.5215200384676348,0.0023956527666867
DB15-cds_N87_E44_opt,-1.5212940830227937,0.0023956527666867
DB15-cdl_N29_E70_opt,-1.5207729234621876,0.0023956527666867
DB15-cdl_N29_E63_opt,-1.5169697922015024,0.0024346064702101
DB15-cds_N87_E37_opt,-1.4906062196647705,0.0026488518395886
DB15-qdl_N29_E158_opt,-1.4818438802937473,0.0027267592466353
DB12-GESDUF_freeONLY,-1.4744034038163465,0.0027851898019204
DB7-ddmof_4771,-1.4609249755318467,0.0029215277642521
DB15-cds_N87_E13_opt,-1.4588748682936494,0.0029215277642521
DB12-RIPKIM01_freeONLY,-1.4580746887557623,0.0029410046160138
DB12-UZUNAF_freeONLY,-1.4498372903505656,0.0029604814677755
DB13-cds-Syn021281,-1.4461543688628642,0.0029799583195372
DB15-cds_N87_E204_opt,-1.4339371496570463,0.0030578657265839
DB13-cds-Syn031872,-1.4261722216540025,0.0031552499853923
DB13-cds-Syn022112,-1.4238656580098998,0.0032526342442007
DB13-cds-Syn020315,-1.423241729682429,0.0032915879477241
