paper_b_case_class,display_id,y_true,y_pred,residual,L_adaptive_90,U_adaptive_90,L_90,U_90,p_positive_surprise,p_negative_surprise,decision_class_main,topology_label,geometry_cluster,metal_cluster,functional_cluster,ligand_cluster,pld_or_limiting_diameter,lcd_or_largest_cavity,density,accessible_surface_area,accessible_volume_or_pore_volume,void_fraction,external_match_confidence,external_plausibility_tier,recommended_claim_strength,provenance_plausibility_status,process_proxy_status,stability_proxy_status,cross_target_sanity,positive_surprise_mechanistic_family,case_interpretation_short,structure_rendering_priority_score,recommended_rendering_priority
possible but not confident elite,DB1-Zn2O8-AZO_A-irmof8_A_No357,6.807007,3.702325123571408,3.104681876428592,2.231082447947862,5.173567799194954,3.2580699634105525,4.146580283732264,0.0010127962916074,0.9990066805601544,positive_conformal_anomaly,cds,DB1-Zn2O8-AZO_A-irmof8_A_No357.cif,DB1-Zn2O8-AZO_A-irmof8_A_No357.cif,DB1-Zn2O8-AZO_A-irmof8_A_No357.cif,DB1-Zn2O8-AZO_A-irmof8_A_No357.cif,10.17535,11.87822,0.505678,958.268,1507.85,0.32756,exact_id_match,Tier 1: exact external ID support,direct external identifier match; can be described as external-match support after manual ID check,external exact-ID support,no obvious process-proxy red flag,external stability/provenance metadata available,CO2-consistent high-quantile candidate,metal-node / chemistry surprise,Metal-cluster chemistry may encode local adsorption interactions not fully captured by the model features.,114.09915977350954,main-text priority
possible but not confident elite,DB1-Cu2O8-AZO_A-irmof8_A_No499,3.471605,4.029849151298143,-0.5582441512981426,2.5586064756745968,5.501091826921688,3.585593991137287,4.474104311458998,0.9574430789007264,0.0425763979510352,negative_conformal_anomaly,cds,DB1-Cu2O8-AZO_A-irmof8_A_No499.cif,DB1-Cu2O8-AZO_A-irmof8_A_No499.cif,DB1-Cu2O8-AZO_A-irmof8_A_No499.cif,DB1-Cu2O8-AZO_A-irmof8_A_No499.cif,9.97147,11.58651,0.550897,893.64,1432.31,0.31962,exact_id_match,Tier 1: exact external ID support,direct external identifier match; can be described as external-match support after manual ID check,external exact-ID support,no obvious process-proxy red flag,external stability/provenance metadata available,CO2-consistent high-quantile candidate,certified high-uptake elite,Lower confidence bound remains above the elite threshold; promote only after plausibility/stability checks.,108.5771311871992,main-text priority
possible but not confident elite,DB1-Cu2O8-ADC_A-irmof8_A_No805,3.428134,3.98201247652136,-0.5538784765213594,2.5107698008978137,5.453255152144905,3.537757316360504,4.426267636682215,0.9567029585337826,0.043316518317979,negative_conformal_anomaly,cds,DB1-Cu2O8-ADC_A-irmof8_A_No805.cif,DB1-Cu2O8-ADC_A-irmof8_A_No805.cif,DB1-Cu2O8-ADC_A-irmof8_A_No805.cif,DB1-Cu2O8-ADC_A-irmof8_A_No805.cif,9.69757,11.72144,0.541602,904.271,1464.3,0.3221,exact_id_match,Tier 1: exact external ID support,direct external identifier match; can be described as external-match support after manual ID check,external exact-ID support,no obvious process-proxy red flag,external stability/provenance metadata available,CO2-consistent high-quantile candidate,certified high-uptake elite,Lower confidence bound remains above the elite threshold; promote only after plausibility/stability checks.,108.57310135953236,main-text priority
possible but not confident elite,DB12-TIXVON_clean,6.898012,3.7917921137063386,3.106219886293661,2.320549438082793,5.263034789329884,3.347536953545484,4.236047273867194,0.0010127962916074,0.9990066805601544,positive_conformal_anomaly,rob,DB12-TIXVON_clean.cif,DB12-TIXVON_clean.cif,DB12-TIXVON_clean.cif,DB12-TIXVON_clean.cif,3.91911,5.07339,0.938456,574.307,117.697,0.01976,exact_id_match,Tier 1: exact external ID support,direct external identifier match; can be described as external-match support after manual ID check,external exact-ID support,process-proxy warning,external stability/provenance metadata available,CO2-consistent high-quantile candidate,confined micropore surprise,Narrow windows may create overlapping adsorption potentials that simple global descriptors underpredict.,100.1006977833746,main-text priority
positive surprise,DB12-OSAVUA_clean,8.450211,2.099725656782838,6.350485343217161,0.6284829811592925,3.570968332406384,1.6554704966219829,2.543980816943693,0.0001558148140934,0.9998636620376682,positive_conformal_anomaly,dmd,DB12-OSAVUA_clean.cif,DB12-OSAVUA_clean.cif,DB12-OSAVUA_clean.cif,DB12-OSAVUA_clean.cif,5.59566,5.76863,0.884314,133.271,70.4301,0.0794,exact_id_match,Tier 1: exact external ID support,direct external identifier match; can be described as external-match support after manual ID check,external exact-ID support,no obvious process-proxy red flag,external stability/provenance metadata available,CO2-consistent high-quantile candidate,dense / low-void surprise,"The candidate performs better than expected despite low accessible volume, suggesting local binding or pore-shape effects.",88.15787659458266,main-text priority
positive surprise,DB1-Zn2O8-BTC_A-irmof8_A_No11,6.189731,1.2516063926245684,4.938124607375432,-0.2196362829989773,2.722849068248114,0.8073512324637131,1.6958615527854235,0.0001947685176168,0.9998247083341448,positive_conformal_anomaly,tfz,DB1-Zn2O8-BTC_A-irmof8_A_No11.cif,DB1-Zn2O8-BTC_A-irmof8_A_No11.cif,,DB1-Zn2O8-BTC_A-irmof8_A_No11.cif,6.68191,11.25743,0.624216,2065.97,2025.11,0.2408,exact_id_match,Tier 1: exact external ID support,direct external identifier match; can be described as external-match support after manual ID check,external exact-ID support,no obvious process-proxy red flag,external stability/provenance metadata available,CO2-consistent high-quantile candidate,metal-node / chemistry surprise,Metal-cluster chemistry may encode local adsorption interactions not fully captured by the model features.,86.64860584629021,SI/main backup
positive surprise,DB12-VAGTAA_clean,6.513916,1.7455993984946292,4.76831660150537,0.2743567228710835,3.216842074118175,1.301344238333774,2.1898545586554845,0.0002531990729018,0.9997662777788598,positive_conformal_anomaly,lim,DB12-VAGTAA_clean.cif,DB12-VAGTAA_clean.cif,DB12-VAGTAA_clean.cif,DB12-VAGTAA_clean.cif,4.40372,5.69119,0.872253,121.471,48.1555,0.05738,exact_id_match,Tier 1: exact external ID support,direct external identifier match; can be described as external-match support after manual ID check,external exact-ID support,no obvious process-proxy red flag,external stability/provenance metadata available,CO2-consistent high-quantile candidate,dense / low-void surprise,"The candidate performs better than expected despite low accessible volume, suggesting local binding or pore-shape effects.",86.36485448862797,SI/main backup
positive surprise,DB12-VAGTAA01_clean,8.364414,2.686425829848877,5.6779881701511234,1.2151831542253309,4.157668505472422,2.2421706696880213,3.130680990009732,0.0001558148140934,0.9998636620376682,positive_conformal_anomaly,lim,DB12-VAGTAA01_clean.cif,DB12-VAGTAA01_clean.cif,DB12-VAGTAA01_clean.cif,DB12-VAGTAA01_clean.cif,4.40941,5.66319,0.999593,236.319,83.7296,0.04992,exact_id_match,Tier 1: exact external ID support,direct external identifier match; can be described as external-match support after manual ID check,external exact-ID support,process-proxy warning,external stability/provenance metadata available,CO2-consistent high-quantile candidate,dense / low-void surprise,"The candidate performs better than expected despite low accessible volume, suggesting local binding or pore-shape effects.",73.48537942151663,SI/main backup
negative surprise,DB15-cds_N29_E173_opt,0.408402,2.8872323848967767,-2.4788303848967765,1.415989709273231,4.358475060520322,2.4429772247359214,3.331487545057632,0.9999415694447148,7.790740704672496e-05,negative_conformal_anomaly,cds,DB15-cds_N29_E173_opt.cif,DB15-cds_N29_E173_opt.cif,,DB15-cds_N29_E173_opt.cif,3.47836,6.06003,0.998154,0.0,0.0,0.0,exact_id_match,Tier 1: exact external ID support,direct external identifier match; can be described as external-match support after manual ID check,external exact-ID support,process-proxy warning,external stability/provenance metadata available,cross-target evidence limited or ordinary,negative-surprise / overprediction regime,"Model expectation is higher than the held-out uptake; inspect blocked pores, overly generic descriptors or unstable/implausible structures.",36.47885576170548,SI/main backup
negative surprise,DB15-cds_N87_E131_opt,0.873584,3.1702562802890744,-2.296672280289074,1.6990136046655286,4.6414989559126205,2.726001120128219,3.6145114404499297,0.9998636620376682,0.0001558148140934,negative_conformal_anomaly,cds,DB15-cds_N87_E131_opt.cif,DB15-cds_N87_E131_opt.cif,DB15-cds_N87_E131_opt.cif,DB15-cds_N87_E131_opt.cif,4.05226,7.27673,1.08947,162.616,111.398,0.04864,exact_id_match,Tier 1: exact external ID support,direct external identifier match; can be described as external-match support after manual ID check,external exact-ID support,process-proxy warning,external stability/provenance metadata available,cross-target evidence limited or ordinary,negative-surprise / overprediction regime,"Model expectation is higher than the held-out uptake; inspect blocked pores, overly generic descriptors or unstable/implausible structures.",36.29673149515006,SI optional
negative surprise,DB5-hypotheticalMOF_7000881_0_0_4_20_9_4,1.254325,3.360091755485741,-2.105766755485741,1.8888490798621955,4.831334431109287,2.915836595324886,3.804346915646597,0.999629939816528,0.0003895370352336,negative_conformal_anomaly,hex,DB5-hypotheticalMOF_7000881_0_0_4_20_9_4.cif,DB5-hypotheticalMOF_7000881_0_0_4_20_9_4.cif,DB5-hypotheticalMOF_7000881_0_0_4_20_9_4.cif,DB5-hypotheticalMOF_7000881_0_0_4_20_9_4.cif,2.58596,7.69319,1.2246,0.0,0.0,0.0,exact_id_match,Tier 1: exact external ID support,direct external identifier match; can be described as external-match support after manual ID check,external exact-ID support,process-proxy warning,external stability/provenance metadata available,cross-target evidence limited or ordinary,negative-surprise / overprediction regime,"Model expectation is higher than the held-out uptake; inspect blocked pores, overly generic descriptors or unstable/implausible structures.",36.10592750032543,SI optional
negative surprise,DB5-hypotheticalMOF_1003193_0_0_4_17_9_1,0.59237,2.6911079064227232,-2.0987379064227234,1.2198652307991775,4.162350582046269,2.246852746261868,3.1353630665835786,0.9996104629647664,0.0004090138869953,negative_conformal_anomaly,hex,,,,,3.11501,9.15205,1.30037,0.0,0.0,0.0,exact_id_match,Tier 1: exact external ID support,direct external identifier match; can be described as external-match support after manual ID check,external exact-ID support,process-proxy warning,external stability/provenance metadata available,cross-target evidence limited or ordinary,negative-surprise / overprediction regime,"Model expectation is higher than the held-out uptake; inspect blocked pores, overly generic descriptors or unstable/implausible structures.",36.09890711316548,SI optional
ordinary high-rank contrast,DB13-cds-Syn022177,2.681205,2.770583306950535,-0.0893783069505351,1.2993406313269893,4.241825982574081,2.32632814678968,3.2148384671113903,0.5210642151802583,0.4789552616715034,uncertain_or_nonelite,cds,DB13-cds-Syn022177.cif,DB13-cds-Syn022177.cif,DB13-cds-Syn022177.cif,DB13-cds-Syn022177.cif,4.04882,5.74575,0.971551,308.681,95.636,0.04334,exact_id_match,Tier 1: exact external ID support,direct external identifier match; can be described as external-match support after manual ID check,external exact-ID support,process-proxy warning,external stability/provenance metadata available,CO2-consistent high-quantile candidate,ordinary contrast candidate,Used as a high-rank or structural contrast for interpreting certified and anomalous cases.,14.372487058544776,SI optional
ordinary high-rank contrast,DB0-m5_o1_o11_f0_bcu.sym.34,2.654259,2.7713445843795474,-0.1170855843795473,1.3001019087560015,4.242587260003093,2.327089424218692,3.2155997445404028,0.6123327425354965,0.3876867343162651,uncertain_or_nonelite,stw,DB0-m5_o1_o11_f0_bcu.sym.34.cif,DB0-m5_o1_o11_f0_bcu.sym.34.cif,DB0-m5_o1_o11_f0_bcu.sym.34.cif,DB0-m5_o1_o11_f0_bcu.sym.34.cif,3.69473,6.10941,1.29405,0.0,0.0,0.0,exact_id_match,Tier 1: exact external ID support,direct external identifier match; can be described as external-match support after manual ID check,external exact-ID support,process-proxy warning,external stability/provenance metadata available,CO2-consistent high-quantile candidate,ordinary contrast candidate,Used as a high-rank or structural contrast for interpreting certified and anomalous cases.,14.330098101813428,SI optional
