display_id,residual,p_positive_surprise
DB12-OSAVUA_clean,6.350485343217161,0.0001558148140934
DB12-VAGTAA01_clean,5.6779881701511234,0.0001558148140934
DB1-Zn2O8-BTC_A-irmof8_A_No11,4.938124607375432,0.0001947685176168
DB12-VAGTAA_clean,4.76831660150537,0.0002531990729018
DB12-ja407778a_si_003_clean,4.708995263387521,0.0002726759246635
DB15-rob_N108_E50_opt,4.556197607129395,0.0003311064799485
DB1-Zn2O8-BTC_A-irmof10_A_No9,4.127412903741638,0.0005258749975653
DB12-NOSTUM_clean,4.113351059165046,0.0005258749975653
DB1-Cu2O8-BTC_A-DPAC_A_No29,4.080644390674658,0.0005258749975653
DB12-NOSTUM01_clean,3.769105057087054,0.0005843055528504
DB1-Zn2O8-fum_A-irmof8_A_No115,3.521712468740769,0.0006232592563737
DB12-BEFMAC_freeONLY,3.521237314999396,0.0006232592563737
DB12-CUZBUW_clean,3.37973177242372,0.0007595972187055
DB0-m3_o15_qdl,3.3705477522698466,0.0007595972187055
DB12-BEFMAC_clean,3.342275314999396,0.0007595972187055
DB1-Zn2O8-fum_A-irmof7_A_No219,3.2827685425857003,0.0007985509222289
DB12-TIXVON_clean,3.106219886293661,0.0010127962916074
DB1-Cu2O8-fum_A-irmof8_A_No82,3.105014599469837,0.0010127962916074
DB1-Zn2O8-AZO_A-irmof8_A_No357,3.104681876428592,0.0010127962916074
DB12-SOKWAS01_clean,3.096483912140762,0.0010322731433691
DB12-GUDJOG_clean,2.997479798982064,0.0012659953645092
DB12-VEFLUP_clean,2.8710105274990463,0.0017529166585513
DB12-GUHPAC_clean,2.840795008381794,0.001830824065598
DB12-YUHHIU_clean,2.8355176938985376,0.0018503009173597
DB12-DEFRIR_clean,2.7668985176906427,0.0022008842490699
DB12-UTEMAJ_clean,2.7594404168059,0.0022203611008316
DB12-AZAVOO_clean,2.7238102295428623,0.0022787916561167
DB12-BEPREV01_clean,2.677371741460505,0.0023566990631634
DB12-GUHNUU_clean,2.632168795192377,0.0024735601737335
DB12-LEWMUX_clean,2.6212454789620976,0.0025125138772568
DB12-IYAYUE_clean,2.615058019415174,0.0025125138772568
DB12-PIBGAK_clean,2.446167000485623,0.0030383888748222
DB12-MAPFIS_clean,2.431965045487241,0.0030578657265839
DB15-rob_N123_E18_unopt,2.429314819335535,0.0030773425783456
DB12-LIVREP_clean,2.3784432000627964,0.003174726837154
DB12-BEPREV01_freeONLY,2.354461554157873,0.0032915879477241
DB12-WAVRAO_clean,2.3344001695193795,0.0033305416512474
DB12-BEPREV03_clean,2.3035673164797736,0.0033694953547708
DB15-cdl_N29_E168_opt,2.2885323902227643,0.0034084490582942
DB15-pcu_N108_E89_opt,2.257866780537465,0.0034279259100558
DB12-BEPREV_clean,2.237051314020892,0.0035253101688643
DB12-ZEZPOL_clean,2.1559427901704407,0.0037006018347194
DB12-BEPREV03_freeONLY,2.1454805622089403,0.0037590323900044
DB1-Cu2O8-irmof10_A-irmof16_A_No649,2.1381997648449547,0.0037785092417661
DB12-GUHPEG_clean,2.1322017815750387,0.0037785092417661
DB12-FIJDUY_clean,2.089371719252995,0.0039538009076212
DB12-FECCIZ_clean,2.087044509548379,0.0039732777593829
DB12-OKIMAY_freeONLY,2.0654518086731444,0.0040511851664296
DB12-OKIMAY_clean,2.060168410419939,0.0040511851664296
DB12-TISHAF_clean,2.048739844165368,0.0040706620181913
