relative_path,sha256,bytes
data/casebook/paper_b_candidate_casebook_complete.csv,7a2c900770a6b44b446f38474ac70d73e4d7878ed9345ce08344f2bdbded57e2,42950
data/cifs/001_possible_but_not_confident_elite_db1_zn2o8_azo_a_irmof8_a_no357.cif,eb0beacdd0e88aaf7511c47f2ce2e72c1f3f5ff7bd4d1860578d943910f2ba4c,7348
data/cifs/002_possible_but_not_confident_elite_db1_cu2o8_azo_a_irmof8_a_no499.cif,a61c44525c95aadde5d3092f6462a6c3643303c0a59b839ef19b71f77d130abe,7592
data/cifs/003_possible_but_not_confident_elite_db1_cu2o8_adc_a_irmof8_a_no805.cif,362e8cd72ea6ac80d3c5586384e3157387663c8de67d8777c7c05649f9567e09,7836
data/cifs/004_possible_but_not_confident_elite_db12_tixvon_clean.cif,5cbc79189287b7176b7d38c0f5cd5f78995701b67dcddb487ae4ec6da30a96b1,22562
data/cifs/005_positive_surprise_db12_osavua_clean.cif,cd1d7e1facb752a5ae9bfeec08c8efb0de1ee0fb86a98796b1f0d48c5cc0742d,3192
data/cifs/006_positive_surprise_db1_zn2o8_btc_a_irmof8_a_no11.cif,f9f1730a18951c8aedcb9259506479dadb3a32f2bcd56f7f9b9783a56d2b3054,14437
data/cifs/007_positive_surprise_db12_vagtaa_clean.cif,d70f20dda59d43dd2db6f7793110b39ad972ab0d804954575118c4bf6f14b63d,3193
data/cifs/008_positive_surprise_db12_vagtaa01_clean.cif,12841b15a1b8f54071bc65014e903c8257c7e94f17a4f33733dccdf1e720632c,5627
data/cifs/009_negative_surprise_db15_cds_n29_e173_opt.cif,d09c7d4c25fb48dc953e3f168929e8784113ac5aa98db3fc050fc9e4030f2d1b,7004
data/cifs/010_negative_surprise_db15_cds_n87_e131_opt.cif,ecfce82e60e82cb1e790828e39ed6efc55d45c73682703a8cccf16f8dae3b4e9,8083
data/cifs/011_negative_surprise_db5_hypotheticalmof_7000881_0_0_4_20_9_4.cif,fb7f53dded49928b87900382630e3275b3cb3aa709b46cf5d77d2d7b1eb3dfd9,6339
data/cifs/012_negative_surprise_db5_hypotheticalmof_1003193_0_0_4_17_9_1.cif,368beb3a6060341d9dfaf8a0f4d6a81c4b18e08a9d795d01f1093ffbdc2844f3,5503
data/cifs/013_ordinary_high_rank_contrast_db13_cds_syn022177.cif,ae4af6a5993e8350bed00fa29254f47b651942b65b7212a0c2dbefe68ce71bdd,6613
data/cifs/014_ordinary_high_rank_contrast_db0_m5_o1_o11_f0_bcu_sym_34.cif,3243d9f074d4f6a4d439a92bfcfe87a5754d646a1d8ed84289e95428b66cc388,6900
data/main_figures/Figure_1d_target_availability.csv,4c022219d63638d0b4b999f88e644bf95ad01536da4612d990f8973f6e99c4f1,604
data/main_figures/Figure_1e_split_availability.csv,dca745566bde4ae44ecfc1b094f68ba61020be458231e69096b3bf848f5d179e,319
data/main_figures/Figure_1f_output_classes.csv,2939eb16f235fbad58e84ef70b15fa8d8780547c063d77204c3730b86bc25a41,133
data/main_figures/Figure_2a_coverage_deviation_by_split_target.csv,bae87a0df6616615aa9d894ac96cd78a544ee9706ec2e2f8c7c8ca562b0eb825,322
data/main_figures/Figure_2b_interval_width_by_split_target.csv,c0778d9cd5748069ebf2441a2fbb9c17b80fc58b721d5f874cdc716c05e1df0c,317
data/main_figures/Figure_2c_rmse_coverage_screening_tradeoff.csv,a9fdbc826125667cc3e6563612bc04ee4ebc685fcbf416966f4861174979fdd9,753
data/main_figures/Figure_2d_standard_vs_adaptive_conformal.csv,bcb684da6754ebbaf332c9eb45559c1788da23adf6d9bbaff7d57c8b79cd163e,354
data/main_figures/Figure_3a_candidate_counts.csv,2939eb16f235fbad58e84ef70b15fa8d8780547c063d77204c3730b86bc25a41,133
data/main_figures/Figure_3b_risk_gate_tradeoff.csv,a59c5ca2558cef4f8996e5fbe600e91c62e67f1564cd577d2e5162c5de28537b,183
data/main_figures/Figure_3c_stability.csv,7875dd847ecc305dc9c8ee50b21789c600f50420b97a608be39cd8b30fde50d3,209
data/main_figures/Figure_3d_decision_map_sample.csv,fc08a6ae45c44ae93cf59c42ef2a35f8e86ce42419c046c1396791ea9f6d5925,80175
data/main_figures/Figure_4a_positive_top50.csv,111dee95f2ca3074790c9915bc2eec7ac386d0ff58ae734a01684924ba3e279a,2955
data/main_figures/Figure_4b_negative_top50.csv,17b82312fdd80860ed441a22b7760c28f5844ad4db54b12efec096eabfe99571,3022
data/main_figures/Figure_4c_pvalues.csv,b663251d7f5b3ee5a67d1124beb455cc44ff203ce9c3450c4888df4984d97f78,413738
data/main_figures/Figure_4d_target_anomaly_rates.csv,c3d445d5be748ca8ccae8b1a78dfd0336d2c5d15991b559e2040bd4e4adc0aa9,127
data/main_figures/Figure_4d_target_anomaly_rates_clean.csv,cc4c031738459e5e2e55300834bb342bd1a2f61cd1e2f2ca429676b99025d5fc,122
data/main_figures/Figure_5a_enrichment_top30.csv,ce2594604b5b15abfa91340eae9b8adefe248c856be4d82e92be62b2cac84758,7481
data/main_figures/Figure_5b_quintile_rates.csv,8725c52a7f7dd3e22dc362463ced4746b8be3e3a7e191f08d9d56a9128931271,1932
data/main_figures/Figure_5c_mechanism_counts.csv,2df59dbf342278142bd3373bc22fc199b02f3845fbc7495910fbdd75d6d76f83,221
data/main_figures/Figure_5d_external_counts.csv,6b4a9b906f95b6b5818713e6b9010b0966c1544bf2e48e69e1961cfce7888709,50
data/main_figures/Figure_5d_process_counts.csv,3ed29e1111a9cc3dc0309296d076b964fb3063c96e28fe73d39551d44054d510,87
data/main_figures/Figure_5e_process_counts.csv,3ed29e1111a9cc3dc0309296d076b964fb3063c96e28fe73d39551d44054d510,87
data/main_figures/Figure_6_structural_casebook_source.csv,000fd1d30144de05d76d6e4fec71d4658049b1bfd5dd0d2bd7d9be2e7f6dbd32,12743
data/si_figures/Figure_S1_target_detection_summary.csv,4c022219d63638d0b4b999f88e644bf95ad01536da4612d990f8973f6e99c4f1,604
data/si_figures/Figure_S2_feature_redundancy.csv,ef87cdb1b8e5e7adc66256d8b97601fe8cce32600942d807a0998a1643939cb4,333
data/si_figures/Figure_S2_split_diagnostics.csv,dca745566bde4ae44ecfc1b094f68ba61020be458231e69096b3bf848f5d179e,319
data/si_figures/Figure_S3_full_rmse_by_target_split.csv,55f5a3036d1ebcd4caa01306652d1d92f67eac4a6d797a87c6d33c3baf08a30a,322
data/si_figures/Figure_S4_full_interval_width_by_target_split.csv,ec8bc2f310a6f603dccfd64fdea2746e3e986a26ced1143db46eaa490fcb5cf9,317
data/si_figures/Figure_S5_coverage_distribution.csv,af8a27392c79f6295cf74e205806016d130b63d8e25307a9f85688e5afd570ef,10139
data/si_figures/Figure_S6_filter_sensitivity.csv,37ed0d023ba603837ffbf27a82ac3bdc3ffe3a3f35c295df4b7e6f9ba9755ac6,4198
data/si_figures/Figure_S7_external_match_source.csv,e5e18a253a2a53428bbf34ae0e2b99b0a5e5cd5e512737b9ba050ba40095a419,3511
data/si_figures/Figure_S7_process_triage_source.csv,5199c041528f67a126b41b722d4a3607fce7f9ae4b237bfdce63e5d74cb54cb4,5381
data/si_figures/Figure_S8_casebook_gallery_source.csv,000fd1d30144de05d76d6e4fec71d4658049b1bfd5dd0d2bd7d9be2e7f6dbd32,12743
